,rounds,color,imagetype,scene,marker,tissue,exposure,round_int,result
Registered-R1_CK7.CoxIV.LaminB1.Ecad_4165NPanc-73-Scene-001_c1_ORG.tif,R1,c1,ORG,4165NPanc-73-Scene-001,DAPI,4165NPanc-73,10.0,1.0,1688.088137476317
Registered-R1_CK7.CoxIV.LaminB1.Ecad_4165NPanc-73-Scene-001_c2_ORG.tif,R1,c2,ORG,4165NPanc-73-Scene-001,CK7,4165NPanc-73,12.0,1.0,944.3300215561187
Registered-R1_CK7.CoxIV.LaminB1.Ecad_4165NPanc-73-Scene-001_c3_ORG.tif,R1,c3,ORG,4165NPanc-73-Scene-001,CoxIV,4165NPanc-73,35.0,1.0,1159.1760351565895
Registered-R1_CK7.CoxIV.LaminB1.Ecad_4165NPanc-73-Scene-001_c4_ORG.tif,R1,c4,ORG,4165NPanc-73-Scene-001,LaminB1,4165NPanc-73,120.0,1.0,3242.6471500087937
Registered-R1_CK7.CoxIV.LaminB1.Ecad_4165NPanc-73-Scene-001_c5_ORG.tif,R1,c5,ORG,4165NPanc-73-Scene-001,Ecad,4165NPanc-73,160.0,1.0,1708.1730287230894
Registered-R2_CK7.CoxIV.LaminB1.Ecad_4165NPanc-73-Scene-001_c1_ORG.tif,R2,c1,ORG,4165NPanc-73-Scene-001,DAPI,4165NPanc-73,10.0,2.0,2178.652643228613
Registered-R2_CK7.CoxIV.LaminB1.Ecad_4165NPanc-73-Scene-001_c2_ORG.tif,R2,c2,ORG,4165NPanc-73-Scene-001,CK7,4165NPanc-73,12.0,2.0,546.9130224414649
Registered-R2_CK7.CoxIV.LaminB1.Ecad_4165NPanc-73-Scene-001_c3_ORG.tif,R2,c3,ORG,4165NPanc-73-Scene-001,CoxIV,4165NPanc-73,35.0,2.0,270.8814050771945
Registered-R2_CK7.CoxIV.LaminB1.Ecad_4165NPanc-73-Scene-001_c4_ORG.tif,R2,c4,ORG,4165NPanc-73-Scene-001,LaminB1,4165NPanc-73,120.0,2.0,419.1580231608094
Registered-R2_CK7.CoxIV.LaminB1.Ecad_4165NPanc-73-Scene-001_c5_ORG.tif,R2,c5,ORG,4165NPanc-73-Scene-001,Ecad,4165NPanc-73,160.0,2.0,496.4339966323398
Registered-R3_CK7.CoxIV.LaminB1.Ecad_4165NPanc-73-Scene-001_c1_ORG.tif,R3,c1,ORG,4165NPanc-73-Scene-001,DAPI,4165NPanc-73,8.0,3.0,3251.7742278080314
Registered-R3_CK7.CoxIV.LaminB1.Ecad_4165NPanc-73-Scene-001_c2_ORG.tif,R3,c2,ORG,4165NPanc-73-Scene-001,CK7,4165NPanc-73,12.0,3.0,484.6110019358979
Registered-R3_CK7.CoxIV.LaminB1.Ecad_4165NPanc-73-Scene-001_c3_ORG.tif,R3,c3,ORG,4165NPanc-73-Scene-001,CoxIV,4165NPanc-73,35.0,3.0,243.85590935698607
Registered-R3_CK7.CoxIV.LaminB1.Ecad_4165NPanc-73-Scene-001_c4_ORG.tif,R3,c4,ORG,4165NPanc-73-Scene-001,LaminB1,4165NPanc-73,120.0,3.0,397.15386621243846
Registered-R3_CK7.CoxIV.LaminB1.Ecad_4165NPanc-73-Scene-001_c5_ORG.tif,R3,c5,ORG,4165NPanc-73-Scene-001,Ecad,4165NPanc-73,160.0,3.0,498.4960168909441
Registered-R4_CK7.CoxIV.LaminB1.Ecad_4165NPanc-73-Scene-001_c1_ORG.tif,R4,c1,ORG,4165NPanc-73-Scene-001,DAPI,4165NPanc-73,10.0,4.0,4424.278584022846
Registered-R4_CK7.CoxIV.LaminB1.Ecad_4165NPanc-73-Scene-001_c2_ORG.tif,R4,c2,ORG,4165NPanc-73-Scene-001,CK7,4165NPanc-73,12.0,4.0,449.11725984035627
Registered-R4_CK7.CoxIV.LaminB1.Ecad_4165NPanc-73-Scene-001_c3_ORG.tif,R4,c3,ORG,4165NPanc-73-Scene-001,CoxIV,4165NPanc-73,35.0,4.0,228.5081263566658
Registered-R4_CK7.CoxIV.LaminB1.Ecad_4165NPanc-73-Scene-001_c4_ORG.tif,R4,c4,ORG,4165NPanc-73-Scene-001,LaminB1,4165NPanc-73,120.0,4.0,400.9348023101796
Registered-R4_CK7.CoxIV.LaminB1.Ecad_4165NPanc-73-Scene-001_c5_ORG.tif,R4,c5,ORG,4165NPanc-73-Scene-001,Ecad,4165NPanc-73,160.0,4.0,493.6944259249642
Registered-R5_CK7.CoxIV.LaminB1.Ecad_4165NPanc-73-Scene-001_c1_ORG.tif,R5,c1,ORG,4165NPanc-73-Scene-001,DAPI,4165NPanc-73,7.0,5.0,3069.1080434823325
Registered-R5_CK7.CoxIV.LaminB1.Ecad_4165NPanc-73-Scene-001_c2_ORG.tif,R5,c2,ORG,4165NPanc-73-Scene-001,CK7,4165NPanc-73,12.0,5.0,454.79629352741904
Registered-R5_CK7.CoxIV.LaminB1.Ecad_4165NPanc-73-Scene-001_c3_ORG.tif,R5,c3,ORG,4165NPanc-73-Scene-001,CoxIV,4165NPanc-73,35.0,5.0,228.14595225574905
Registered-R5_CK7.CoxIV.LaminB1.Ecad_4165NPanc-73-Scene-001_c4_ORG.tif,R5,c4,ORG,4165NPanc-73-Scene-001,LaminB1,4165NPanc-73,120.0,5.0,393.6734636186269
Registered-R5_CK7.CoxIV.LaminB1.Ecad_4165NPanc-73-Scene-001_c5_ORG.tif,R5,c5,ORG,4165NPanc-73-Scene-001,Ecad,4165NPanc-73,160.0,5.0,501.53177774280596
Registered-R6_CK7.CoxIV.LaminB1.Ecad_4165NPanc-73-Scene-001_c1_ORG.tif,R6,c1,ORG,4165NPanc-73-Scene-001,DAPI,4165NPanc-73,7.0,6.0,3001.2148887371113
Registered-R6_CK7.CoxIV.LaminB1.Ecad_4165NPanc-73-Scene-001_c2_ORG.tif,R6,c2,ORG,4165NPanc-73-Scene-001,CK7,4165NPanc-73,12.0,6.0,461.72777381753787
Registered-R6_CK7.CoxIV.LaminB1.Ecad_4165NPanc-73-Scene-001_c3_ORG.tif,R6,c3,ORG,4165NPanc-73-Scene-001,CoxIV,4165NPanc-73,35.0,6.0,226.7486950106835
Registered-R6_CK7.CoxIV.LaminB1.Ecad_4165NPanc-73-Scene-001_c4_ORG.tif,R6,c4,ORG,4165NPanc-73-Scene-001,LaminB1,4165NPanc-73,120.0,6.0,391.9111677772846
Registered-R6_CK7.CoxIV.LaminB1.Ecad_4165NPanc-73-Scene-001_c5_ORG.tif,R6,c5,ORG,4165NPanc-73-Scene-001,Ecad,4165NPanc-73,160.0,6.0,497.09670172828885
Registered-R1_blank.blank.blank.blank_4165NPanc-74-Scene-001_c1_ORG.tif,R1,c1,ORG,4165NPanc-74-Scene-001,DAPI,4165NPanc-74,10.0,1.0,1563.5389307801177
Registered-R1_blank.blank.blank.blank_4165NPanc-74-Scene-001_c2_ORG.tif,R1,c2,ORG,4165NPanc-74-Scene-001,blank,4165NPanc-74,12.0,1.0,591.9757711037122
Registered-R1_blank.blank.blank.blank_4165NPanc-74-Scene-001_c3_ORG.tif,R1,c3,ORG,4165NPanc-74-Scene-001,blank,4165NPanc-74,35.0,1.0,324.3450714384712
Registered-R1_blank.blank.blank.blank_4165NPanc-74-Scene-001_c4_ORG.tif,R1,c4,ORG,4165NPanc-74-Scene-001,blank,4165NPanc-74,120.0,1.0,420.9349979839952
Registered-R1_blank.blank.blank.blank_4165NPanc-74-Scene-001_c5_ORG.tif,R1,c5,ORG,4165NPanc-74-Scene-001,blank,4165NPanc-74,160.0,1.0,487.38324604956756
Registered-R2_blank.blank.blank.blank_4165NPanc-74-Scene-001_c1_ORG.tif,R2,c1,ORG,4165NPanc-74-Scene-001,DAPI,4165NPanc-74,10.0,2.0,2010.156362472842
Registered-R2_blank.blank.blank.blank_4165NPanc-74-Scene-001_c2_ORG.tif,R2,c2,ORG,4165NPanc-74-Scene-001,blank,4165NPanc-74,12.0,2.0,438.06280935011193
Registered-R2_blank.blank.blank.blank_4165NPanc-74-Scene-001_c3_ORG.tif,R2,c3,ORG,4165NPanc-74-Scene-001,blank,4165NPanc-74,35.0,2.0,242.2714955536097
Registered-R2_blank.blank.blank.blank_4165NPanc-74-Scene-001_c4_ORG.tif,R2,c4,ORG,4165NPanc-74-Scene-001,blank,4165NPanc-74,120.0,2.0,397.31284046393415
Registered-R2_blank.blank.blank.blank_4165NPanc-74-Scene-001_c5_ORG.tif,R2,c5,ORG,4165NPanc-74-Scene-001,blank,4165NPanc-74,160.0,2.0,489.43573584051853
Registered-R3_blank.blank.blank.blank_4165NPanc-74-Scene-001_c1_ORG.tif,R3,c1,ORG,4165NPanc-74-Scene-001,DAPI,4165NPanc-74,8.0,3.0,2431.675628238124
Registered-R3_blank.blank.blank.blank_4165NPanc-74-Scene-001_c2_ORG.tif,R3,c2,ORG,4165NPanc-74-Scene-001,blank,4165NPanc-74,12.0,3.0,424.24850462265795
Registered-R3_blank.blank.blank.blank_4165NPanc-74-Scene-001_c3_ORG.tif,R3,c3,ORG,4165NPanc-74-Scene-001,blank,4165NPanc-74,35.0,3.0,227.6594746475943
Registered-R3_blank.blank.blank.blank_4165NPanc-74-Scene-001_c4_ORG.tif,R3,c4,ORG,4165NPanc-74-Scene-001,blank,4165NPanc-74,120.0,3.0,387.2004061664847
Registered-R3_blank.blank.blank.blank_4165NPanc-74-Scene-001_c5_ORG.tif,R3,c5,ORG,4165NPanc-74-Scene-001,blank,4165NPanc-74,160.0,3.0,490.7669118364287
Registered-R4_blank.blank.blank.blank_4165NPanc-74-Scene-001_c1_ORG.tif,R4,c1,ORG,4165NPanc-74-Scene-001,DAPI,4165NPanc-74,10.0,4.0,4201.444978761942
Registered-R4_blank.blank.blank.blank_4165NPanc-74-Scene-001_c2_ORG.tif,R4,c2,ORG,4165NPanc-74-Scene-001,blank,4165NPanc-74,12.0,4.0,454.8450548965186
Registered-R4_blank.blank.blank.blank_4165NPanc-74-Scene-001_c3_ORG.tif,R4,c3,ORG,4165NPanc-74-Scene-001,blank,4165NPanc-74,35.0,4.0,234.20882437348746
Registered-R4_blank.blank.blank.blank_4165NPanc-74-Scene-001_c4_ORG.tif,R4,c4,ORG,4165NPanc-74-Scene-001,blank,4165NPanc-74,120.0,4.0,395.75943453659113
Registered-R4_blank.blank.blank.blank_4165NPanc-74-Scene-001_c5_ORG.tif,R4,c5,ORG,4165NPanc-74-Scene-001,blank,4165NPanc-74,160.0,4.0,487.2297470601106
Registered-R5_blank.blank.blank.blank_4165NPanc-74-Scene-001_c1_ORG.tif,R5,c1,ORG,4165NPanc-74-Scene-001,DAPI,4165NPanc-74,7.0,5.0,2931.7596006643357
Registered-R5_blank.blank.blank.blank_4165NPanc-74-Scene-001_c2_ORG.tif,R5,c2,ORG,4165NPanc-74-Scene-001,blank,4165NPanc-74,12.0,5.0,438.6338872877101
Registered-R5_blank.blank.blank.blank_4165NPanc-74-Scene-001_c3_ORG.tif,R5,c3,ORG,4165NPanc-74-Scene-001,blank,4165NPanc-74,35.0,5.0,222.44127101506695
Registered-R5_blank.blank.blank.blank_4165NPanc-74-Scene-001_c4_ORG.tif,R5,c4,ORG,4165NPanc-74-Scene-001,blank,4165NPanc-74,120.0,5.0,387.3633134856507
Registered-R5_blank.blank.blank.blank_4165NPanc-74-Scene-001_c5_ORG.tif,R5,c5,ORG,4165NPanc-74-Scene-001,blank,4165NPanc-74,160.0,5.0,492.1522173169434
Registered-R6_blank.blank.blank.blank_4165NPanc-74-Scene-001_c1_ORG.tif,R6,c1,ORG,4165NPanc-74-Scene-001,DAPI,4165NPanc-74,7.0,6.0,3166.513188534047
Registered-R6_blank.blank.blank.blank_4165NPanc-74-Scene-001_c2_ORG.tif,R6,c2,ORG,4165NPanc-74-Scene-001,blank,4165NPanc-74,12.0,6.0,486.92592871091784
Registered-R6_blank.blank.blank.blank_4165NPanc-74-Scene-001_c3_ORG.tif,R6,c3,ORG,4165NPanc-74-Scene-001,blank,4165NPanc-74,35.0,6.0,234.02513977725144
Registered-R6_blank.blank.blank.blank_4165NPanc-74-Scene-001_c4_ORG.tif,R6,c4,ORG,4165NPanc-74-Scene-001,blank,4165NPanc-74,120.0,6.0,389.8108102666586
Registered-R6_blank.blank.blank.blank_4165NPanc-74-Scene-001_c5_ORG.tif,R6,c5,ORG,4165NPanc-74-Scene-001,blank,4165NPanc-74,160.0,6.0,491.75747433487663
Registered-R1_CK7.CoxIV.LaminB1.Ecad_4165NPanc-75-Scene-001_c1_ORG.tif,R1,c1,ORG,4165NPanc-75-Scene-001,DAPI,4165NPanc-75,10.0,1.0,2292.217902520692
Registered-R1_CK7.CoxIV.LaminB1.Ecad_4165NPanc-75-Scene-001_c2_ORG.tif,R1,c2,ORG,4165NPanc-75-Scene-001,CK7,4165NPanc-75,12.0,1.0,886.7280091903294
Registered-R1_CK7.CoxIV.LaminB1.Ecad_4165NPanc-75-Scene-001_c3_ORG.tif,R1,c3,ORG,4165NPanc-75-Scene-001,CoxIV,4165NPanc-75,35.0,1.0,946.8949110578527
Registered-R1_CK7.CoxIV.LaminB1.Ecad_4165NPanc-75-Scene-001_c4_ORG.tif,R1,c4,ORG,4165NPanc-75-Scene-001,LaminB1,4165NPanc-75,120.0,1.0,1776.5191698896379
Registered-R1_CK7.CoxIV.LaminB1.Ecad_4165NPanc-75-Scene-001_c5_ORG.tif,R1,c5,ORG,4165NPanc-75-Scene-001,Ecad,4165NPanc-75,160.0,1.0,1355.725149815428
Registered-R2_CK7.CoxIV.LaminB1.Ecad_4165NPanc-75-Scene-001_c1_ORG.tif,R2,c1,ORG,4165NPanc-75-Scene-001,DAPI,4165NPanc-75,10.0,2.0,2308.9189310014003
Registered-R2_CK7.CoxIV.LaminB1.Ecad_4165NPanc-75-Scene-001_c2_ORG.tif,R2,c2,ORG,4165NPanc-75-Scene-001,CK7,4165NPanc-75,12.0,2.0,510.2086341753657
Registered-R2_CK7.CoxIV.LaminB1.Ecad_4165NPanc-75-Scene-001_c3_ORG.tif,R2,c3,ORG,4165NPanc-75-Scene-001,CoxIV,4165NPanc-75,35.0,2.0,251.579333987937
Registered-R2_CK7.CoxIV.LaminB1.Ecad_4165NPanc-75-Scene-001_c4_ORG.tif,R2,c4,ORG,4165NPanc-75-Scene-001,LaminB1,4165NPanc-75,120.0,2.0,406.9317251201195
Registered-R2_CK7.CoxIV.LaminB1.Ecad_4165NPanc-75-Scene-001_c5_ORG.tif,R2,c5,ORG,4165NPanc-75-Scene-001,Ecad,4165NPanc-75,160.0,2.0,497.211446864994
Registered-R3_CK7.CoxIV.LaminB1.Ecad_4165NPanc-75-Scene-001_c1_ORG.tif,R3,c1,ORG,4165NPanc-75-Scene-001,DAPI,4165NPanc-75,8.0,3.0,2790.726121586171
Registered-R3_CK7.CoxIV.LaminB1.Ecad_4165NPanc-75-Scene-001_c2_ORG.tif,R3,c2,ORG,4165NPanc-75-Scene-001,CK7,4165NPanc-75,12.0,3.0,452.80106145354466
Registered-R3_CK7.CoxIV.LaminB1.Ecad_4165NPanc-75-Scene-001_c3_ORG.tif,R3,c3,ORG,4165NPanc-75-Scene-001,CoxIV,4165NPanc-75,35.0,3.0,228.81019698994848
Registered-R3_CK7.CoxIV.LaminB1.Ecad_4165NPanc-75-Scene-001_c4_ORG.tif,R3,c4,ORG,4165NPanc-75-Scene-001,LaminB1,4165NPanc-75,120.0,3.0,393.67329917207854
Registered-R3_CK7.CoxIV.LaminB1.Ecad_4165NPanc-75-Scene-001_c5_ORG.tif,R3,c5,ORG,4165NPanc-75-Scene-001,Ecad,4165NPanc-75,160.0,3.0,496.6213129845116
Registered-R4_CK7.CoxIV.LaminB1.Ecad_4165NPanc-75-Scene-001_c1_ORG.tif,R4,c1,ORG,4165NPanc-75-Scene-001,DAPI,4165NPanc-75,10.0,4.0,4690.066013957001
Registered-R4_CK7.CoxIV.LaminB1.Ecad_4165NPanc-75-Scene-001_c2_ORG.tif,R4,c2,ORG,4165NPanc-75-Scene-001,CK7,4165NPanc-75,12.0,4.0,441.8958269457567
Registered-R4_CK7.CoxIV.LaminB1.Ecad_4165NPanc-75-Scene-001_c3_ORG.tif,R4,c3,ORG,4165NPanc-75-Scene-001,CoxIV,4165NPanc-75,35.0,4.0,223.53411537777043
Registered-R4_CK7.CoxIV.LaminB1.Ecad_4165NPanc-75-Scene-001_c4_ORG.tif,R4,c4,ORG,4165NPanc-75-Scene-001,LaminB1,4165NPanc-75,120.0,4.0,397.26149687784607
Registered-R4_CK7.CoxIV.LaminB1.Ecad_4165NPanc-75-Scene-001_c5_ORG.tif,R4,c5,ORG,4165NPanc-75-Scene-001,Ecad,4165NPanc-75,160.0,4.0,493.04352850302115
Registered-R5_CK7.CoxIV.LaminB1.Ecad_4165NPanc-75-Scene-001_c1_ORG.tif,R5,c1,ORG,4165NPanc-75-Scene-001,DAPI,4165NPanc-75,7.0,5.0,2924.460031352583
Registered-R5_CK7.CoxIV.LaminB1.Ecad_4165NPanc-75-Scene-001_c2_ORG.tif,R5,c2,ORG,4165NPanc-75-Scene-001,CK7,4165NPanc-75,12.0,5.0,450.8706885063222
Registered-R5_CK7.CoxIV.LaminB1.Ecad_4165NPanc-75-Scene-001_c3_ORG.tif,R5,c3,ORG,4165NPanc-75-Scene-001,CoxIV,4165NPanc-75,35.0,5.0,225.50163759711074
Registered-R5_CK7.CoxIV.LaminB1.Ecad_4165NPanc-75-Scene-001_c4_ORG.tif,R5,c4,ORG,4165NPanc-75-Scene-001,LaminB1,4165NPanc-75,120.0,5.0,393.35033663144156
Registered-R5_CK7.CoxIV.LaminB1.Ecad_4165NPanc-75-Scene-001_c5_ORG.tif,R5,c5,ORG,4165NPanc-75-Scene-001,Ecad,4165NPanc-75,160.0,5.0,497.217662228845
Registered-R6_CK7.CoxIV.LaminB1.Ecad_4165NPanc-75-Scene-001_c1_ORG.tif,R6,c1,ORG,4165NPanc-75-Scene-001,DAPI,4165NPanc-75,7.0,6.0,2985.9643131516914
Registered-R6_CK7.CoxIV.LaminB1.Ecad_4165NPanc-75-Scene-001_c2_ORG.tif,R6,c2,ORG,4165NPanc-75-Scene-001,CK7,4165NPanc-75,12.0,6.0,452.8169298040386
Registered-R6_CK7.CoxIV.LaminB1.Ecad_4165NPanc-75-Scene-001_c3_ORG.tif,R6,c3,ORG,4165NPanc-75-Scene-001,CoxIV,4165NPanc-75,35.0,6.0,221.84783692603065
Registered-R6_CK7.CoxIV.LaminB1.Ecad_4165NPanc-75-Scene-001_c4_ORG.tif,R6,c4,ORG,4165NPanc-75-Scene-001,LaminB1,4165NPanc-75,120.0,6.0,391.3781913168378
Registered-R6_CK7.CoxIV.LaminB1.Ecad_4165NPanc-75-Scene-001_c5_ORG.tif,R6,c5,ORG,4165NPanc-75-Scene-001,Ecad,4165NPanc-75,160.0,6.0,497.7085774588615
Registered-R1_blank.blank.blank.blank_4165NPanc-76-Scene-001_c1_ORG.tif,R1,c1,ORG,4165NPanc-76-Scene-001,DAPI,4165NPanc-76,10.0,1.0,1459.6531486197157
Registered-R1_blank.blank.blank.blank_4165NPanc-76-Scene-001_c2_ORG.tif,R1,c2,ORG,4165NPanc-76-Scene-001,blank,4165NPanc-76,12.0,1.0,551.2942687831362
Registered-R1_blank.blank.blank.blank_4165NPanc-76-Scene-001_c3_ORG.tif,R1,c3,ORG,4165NPanc-76-Scene-001,blank,4165NPanc-76,35.0,1.0,309.6595102049515
Registered-R1_blank.blank.blank.blank_4165NPanc-76-Scene-001_c4_ORG.tif,R1,c4,ORG,4165NPanc-76-Scene-001,blank,4165NPanc-76,120.0,1.0,416.05469630296625
Registered-R1_blank.blank.blank.blank_4165NPanc-76-Scene-001_c5_ORG.tif,R1,c5,ORG,4165NPanc-76-Scene-001,blank,4165NPanc-76,160.0,1.0,493.82541469042593
Registered-R2_blank.blank.blank.blank_4165NPanc-76-Scene-001_c1_ORG.tif,R2,c1,ORG,4165NPanc-76-Scene-001,DAPI,4165NPanc-76,10.0,2.0,2356.558144771634
Registered-R2_blank.blank.blank.blank_4165NPanc-76-Scene-001_c2_ORG.tif,R2,c2,ORG,4165NPanc-76-Scene-001,blank,4165NPanc-76,12.0,2.0,446.2190180545479
Registered-R2_blank.blank.blank.blank_4165NPanc-76-Scene-001_c3_ORG.tif,R2,c3,ORG,4165NPanc-76-Scene-001,blank,4165NPanc-76,35.0,2.0,244.0886541089643
Registered-R2_blank.blank.blank.blank_4165NPanc-76-Scene-001_c4_ORG.tif,R2,c4,ORG,4165NPanc-76-Scene-001,blank,4165NPanc-76,120.0,2.0,403.93028680597115
Registered-R2_blank.blank.blank.blank_4165NPanc-76-Scene-001_c5_ORG.tif,R2,c5,ORG,4165NPanc-76-Scene-001,blank,4165NPanc-76,160.0,2.0,496.9140072458026
Registered-R3_blank.blank.blank.blank_4165NPanc-76-Scene-001_c1_ORG.tif,R3,c1,ORG,4165NPanc-76-Scene-001,DAPI,4165NPanc-76,8.0,3.0,2757.0447505329944
Registered-R3_blank.blank.blank.blank_4165NPanc-76-Scene-001_c2_ORG.tif,R3,c2,ORG,4165NPanc-76-Scene-001,blank,4165NPanc-76,12.0,3.0,416.0992269257721
Registered-R3_blank.blank.blank.blank_4165NPanc-76-Scene-001_c3_ORG.tif,R3,c3,ORG,4165NPanc-76-Scene-001,blank,4165NPanc-76,35.0,3.0,223.02375669149674
Registered-R3_blank.blank.blank.blank_4165NPanc-76-Scene-001_c4_ORG.tif,R3,c4,ORG,4165NPanc-76-Scene-001,blank,4165NPanc-76,120.0,3.0,390.2452683135445
Registered-R3_blank.blank.blank.blank_4165NPanc-76-Scene-001_c5_ORG.tif,R3,c5,ORG,4165NPanc-76-Scene-001,blank,4165NPanc-76,160.0,3.0,494.6379318355155
Registered-R4_blank.blank.blank.blank_4165NPanc-76-Scene-001_c1_ORG.tif,R4,c1,ORG,4165NPanc-76-Scene-001,DAPI,4165NPanc-76,10.0,4.0,4719.789848620705
Registered-R4_blank.blank.blank.blank_4165NPanc-76-Scene-001_c2_ORG.tif,R4,c2,ORG,4165NPanc-76-Scene-001,blank,4165NPanc-76,12.0,4.0,426.98786547182596
Registered-R4_blank.blank.blank.blank_4165NPanc-76-Scene-001_c3_ORG.tif,R4,c3,ORG,4165NPanc-76-Scene-001,blank,4165NPanc-76,35.0,4.0,219.1835958833848
Registered-R4_blank.blank.blank.blank_4165NPanc-76-Scene-001_c4_ORG.tif,R4,c4,ORG,4165NPanc-76-Scene-001,blank,4165NPanc-76,120.0,4.0,391.95581025647806
Registered-R4_blank.blank.blank.blank_4165NPanc-76-Scene-001_c5_ORG.tif,R4,c5,ORG,4165NPanc-76-Scene-001,blank,4165NPanc-76,160.0,4.0,493.58706816217307
Registered-R5_blank.blank.blank.blank_4165NPanc-76-Scene-001_c1_ORG.tif,R5,c1,ORG,4165NPanc-76-Scene-001,DAPI,4165NPanc-76,7.0,5.0,3239.1430182005383
Registered-R5_blank.blank.blank.blank_4165NPanc-76-Scene-001_c2_ORG.tif,R5,c2,ORG,4165NPanc-76-Scene-001,blank,4165NPanc-76,12.0,5.0,450.38981681300993
Registered-R5_blank.blank.blank.blank_4165NPanc-76-Scene-001_c3_ORG.tif,R5,c3,ORG,4165NPanc-76-Scene-001,blank,4165NPanc-76,35.0,5.0,226.64667855870576
Registered-R5_blank.blank.blank.blank_4165NPanc-76-Scene-001_c4_ORG.tif,R5,c4,ORG,4165NPanc-76-Scene-001,blank,4165NPanc-76,120.0,5.0,393.52171513720833
Registered-R5_blank.blank.blank.blank_4165NPanc-76-Scene-001_c5_ORG.tif,R5,c5,ORG,4165NPanc-76-Scene-001,blank,4165NPanc-76,160.0,5.0,495.845098628587
Registered-R6_blank.blank.blank.blank_4165NPanc-76-Scene-001_c1_ORG.tif,R6,c1,ORG,4165NPanc-76-Scene-001,DAPI,4165NPanc-76,7.0,6.0,4024.6961747161254
Registered-R6_blank.blank.blank.blank_4165NPanc-76-Scene-001_c2_ORG.tif,R6,c2,ORG,4165NPanc-76-Scene-001,blank,4165NPanc-76,12.0,6.0,436.88528493879176
Registered-R6_blank.blank.blank.blank_4165NPanc-76-Scene-001_c3_ORG.tif,R6,c3,ORG,4165NPanc-76-Scene-001,blank,4165NPanc-76,35.0,6.0,217.14171619076166
Registered-R6_blank.blank.blank.blank_4165NPanc-76-Scene-001_c4_ORG.tif,R6,c4,ORG,4165NPanc-76-Scene-001,blank,4165NPanc-76,120.0,6.0,387.9350170015493
Registered-R6_blank.blank.blank.blank_4165NPanc-76-Scene-001_c5_ORG.tif,R6,c5,ORG,4165NPanc-76-Scene-001,blank,4165NPanc-76,160.0,6.0,498.6529311827655
Registered-R1_CK7.CoxIV.LaminB1.Ecad_4165NPanc-77-Scene-001_c1_ORG.tif,R1,c1,ORG,4165NPanc-77-Scene-001,DAPI,4165NPanc-77,10.0,1.0,1774.7025646337092
Registered-R1_CK7.CoxIV.LaminB1.Ecad_4165NPanc-77-Scene-001_c2_ORG.tif,R1,c2,ORG,4165NPanc-77-Scene-001,CK7,4165NPanc-77,12.0,1.0,847.2121174897957
Registered-R1_CK7.CoxIV.LaminB1.Ecad_4165NPanc-77-Scene-001_c3_ORG.tif,R1,c3,ORG,4165NPanc-77-Scene-001,CoxIV,4165NPanc-77,35.0,1.0,926.1488601895662
Registered-R1_CK7.CoxIV.LaminB1.Ecad_4165NPanc-77-Scene-001_c4_ORG.tif,R1,c4,ORG,4165NPanc-77-Scene-001,LaminB1,4165NPanc-77,120.0,1.0,2175.2292079458593
Registered-R1_CK7.CoxIV.LaminB1.Ecad_4165NPanc-77-Scene-001_c5_ORG.tif,R1,c5,ORG,4165NPanc-77-Scene-001,Ecad,4165NPanc-77,160.0,1.0,1284.7054224810379
Registered-R2_CK7.CoxIV.LaminB1.Ecad_4165NPanc-77-Scene-001_c1_ORG.tif,R2,c1,ORG,4165NPanc-77-Scene-001,DAPI,4165NPanc-77,10.0,2.0,2383.3915378134434
Registered-R2_CK7.CoxIV.LaminB1.Ecad_4165NPanc-77-Scene-001_c2_ORG.tif,R2,c2,ORG,4165NPanc-77-Scene-001,CK7,4165NPanc-77,12.0,2.0,495.9453676560146
Registered-R2_CK7.CoxIV.LaminB1.Ecad_4165NPanc-77-Scene-001_c3_ORG.tif,R2,c3,ORG,4165NPanc-77-Scene-001,CoxIV,4165NPanc-77,35.0,2.0,241.94416885516753
Registered-R2_CK7.CoxIV.LaminB1.Ecad_4165NPanc-77-Scene-001_c4_ORG.tif,R2,c4,ORG,4165NPanc-77-Scene-001,LaminB1,4165NPanc-77,120.0,2.0,393.79585070459484
Registered-R2_CK7.CoxIV.LaminB1.Ecad_4165NPanc-77-Scene-001_c5_ORG.tif,R2,c5,ORG,4165NPanc-77-Scene-001,Ecad,4165NPanc-77,160.0,2.0,497.7533284271612
Registered-R3_CK7.CoxIV.LaminB1.Ecad_4165NPanc-77-Scene-001_c1_ORG.tif,R3,c1,ORG,4165NPanc-77-Scene-001,DAPI,4165NPanc-77,8.0,3.0,3017.5537928504864
Registered-R3_CK7.CoxIV.LaminB1.Ecad_4165NPanc-77-Scene-001_c2_ORG.tif,R3,c2,ORG,4165NPanc-77-Scene-001,CK7,4165NPanc-77,12.0,3.0,447.54670520990635
Registered-R3_CK7.CoxIV.LaminB1.Ecad_4165NPanc-77-Scene-001_c3_ORG.tif,R3,c3,ORG,4165NPanc-77-Scene-001,CoxIV,4165NPanc-77,35.0,3.0,231.62136301252616
Registered-R3_CK7.CoxIV.LaminB1.Ecad_4165NPanc-77-Scene-001_c4_ORG.tif,R3,c4,ORG,4165NPanc-77-Scene-001,LaminB1,4165NPanc-77,120.0,3.0,394.0853314297268
Registered-R3_CK7.CoxIV.LaminB1.Ecad_4165NPanc-77-Scene-001_c5_ORG.tif,R3,c5,ORG,4165NPanc-77-Scene-001,Ecad,4165NPanc-77,160.0,3.0,495.57110613928563
Registered-R4_CK7.CoxIV.LaminB1.Ecad_4165NPanc-77-Scene-001_c1_ORG.tif,R4,c1,ORG,4165NPanc-77-Scene-001,DAPI,4165NPanc-77,10.0,4.0,4626.25860067384
Registered-R4_CK7.CoxIV.LaminB1.Ecad_4165NPanc-77-Scene-001_c2_ORG.tif,R4,c2,ORG,4165NPanc-77-Scene-001,CK7,4165NPanc-77,12.0,4.0,407.51011457604267
Registered-R4_CK7.CoxIV.LaminB1.Ecad_4165NPanc-77-Scene-001_c3_ORG.tif,R4,c3,ORG,4165NPanc-77-Scene-001,CoxIV,4165NPanc-77,35.0,4.0,212.6623583226001
Registered-R4_CK7.CoxIV.LaminB1.Ecad_4165NPanc-77-Scene-001_c4_ORG.tif,R4,c4,ORG,4165NPanc-77-Scene-001,LaminB1,4165NPanc-77,120.0,4.0,390.08023608037104
Registered-R4_CK7.CoxIV.LaminB1.Ecad_4165NPanc-77-Scene-001_c5_ORG.tif,R4,c5,ORG,4165NPanc-77-Scene-001,Ecad,4165NPanc-77,160.0,4.0,493.2248641181302
Registered-R5_CK7.CoxIV.LaminB1.Ecad_4165NPanc-77-Scene-001_c1_ORG.tif,R5,c1,ORG,4165NPanc-77-Scene-001,DAPI,4165NPanc-77,7.0,5.0,3065.140856278291
Registered-R5_CK7.CoxIV.LaminB1.Ecad_4165NPanc-77-Scene-001_c2_ORG.tif,R5,c2,ORG,4165NPanc-77-Scene-001,CK7,4165NPanc-77,12.0,5.0,404.6751595362655
Registered-R5_CK7.CoxIV.LaminB1.Ecad_4165NPanc-77-Scene-001_c3_ORG.tif,R5,c3,ORG,4165NPanc-77-Scene-001,CoxIV,4165NPanc-77,35.0,5.0,211.37279917831077
Registered-R5_CK7.CoxIV.LaminB1.Ecad_4165NPanc-77-Scene-001_c4_ORG.tif,R5,c4,ORG,4165NPanc-77-Scene-001,LaminB1,4165NPanc-77,120.0,5.0,389.84320452297413
Registered-R5_CK7.CoxIV.LaminB1.Ecad_4165NPanc-77-Scene-001_c5_ORG.tif,R5,c5,ORG,4165NPanc-77-Scene-001,Ecad,4165NPanc-77,160.0,5.0,494.5015656014056
Registered-R6_CK7.CoxIV.LaminB1.Ecad_4165NPanc-77-Scene-001_c1_ORG.tif,R6,c1,ORG,4165NPanc-77-Scene-001,DAPI,4165NPanc-77,7.0,6.0,3293.1591476454882
Registered-R6_CK7.CoxIV.LaminB1.Ecad_4165NPanc-77-Scene-001_c2_ORG.tif,R6,c2,ORG,4165NPanc-77-Scene-001,CK7,4165NPanc-77,12.0,6.0,427.9051639291602
Registered-R6_CK7.CoxIV.LaminB1.Ecad_4165NPanc-77-Scene-001_c3_ORG.tif,R6,c3,ORG,4165NPanc-77-Scene-001,CoxIV,4165NPanc-77,35.0,6.0,215.47994595093024
Registered-R6_CK7.CoxIV.LaminB1.Ecad_4165NPanc-77-Scene-001_c4_ORG.tif,R6,c4,ORG,4165NPanc-77-Scene-001,LaminB1,4165NPanc-77,120.0,6.0,384.82643668122495
Registered-R6_CK7.CoxIV.LaminB1.Ecad_4165NPanc-77-Scene-001_c5_ORG.tif,R6,c5,ORG,4165NPanc-77-Scene-001,Ecad,4165NPanc-77,160.0,6.0,498.84722797081
Registered-R1_blank.blank.blank.blank_4165NPanc-78-Scene-001_c1_ORG.tif,R1,c1,ORG,4165NPanc-78-Scene-001,DAPI,4165NPanc-78,10.0,1.0,1606.5901640985142
Registered-R1_blank.blank.blank.blank_4165NPanc-78-Scene-001_c2_ORG.tif,R1,c2,ORG,4165NPanc-78-Scene-001,blank,4165NPanc-78,12.0,1.0,577.1049235733449
Registered-R1_blank.blank.blank.blank_4165NPanc-78-Scene-001_c3_ORG.tif,R1,c3,ORG,4165NPanc-78-Scene-001,blank,4165NPanc-78,35.0,1.0,317.2484027135494
Registered-R1_blank.blank.blank.blank_4165NPanc-78-Scene-001_c4_ORG.tif,R1,c4,ORG,4165NPanc-78-Scene-001,blank,4165NPanc-78,120.0,1.0,416.75739834442084
Registered-R1_blank.blank.blank.blank_4165NPanc-78-Scene-001_c5_ORG.tif,R1,c5,ORG,4165NPanc-78-Scene-001,blank,4165NPanc-78,160.0,1.0,494.7769753442365
Registered-R2_blank.blank.blank.blank_4165NPanc-78-Scene-001_c1_ORG.tif,R2,c1,ORG,4165NPanc-78-Scene-001,DAPI,4165NPanc-78,10.0,2.0,2407.224494331482
Registered-R2_blank.blank.blank.blank_4165NPanc-78-Scene-001_c2_ORG.tif,R2,c2,ORG,4165NPanc-78-Scene-001,blank,4165NPanc-78,12.0,2.0,449.0249619806111
Registered-R2_blank.blank.blank.blank_4165NPanc-78-Scene-001_c3_ORG.tif,R2,c3,ORG,4165NPanc-78-Scene-001,blank,4165NPanc-78,35.0,2.0,235.52269286323212
Registered-R2_blank.blank.blank.blank_4165NPanc-78-Scene-001_c4_ORG.tif,R2,c4,ORG,4165NPanc-78-Scene-001,blank,4165NPanc-78,120.0,2.0,390.6619619717242
Registered-R2_blank.blank.blank.blank_4165NPanc-78-Scene-001_c5_ORG.tif,R2,c5,ORG,4165NPanc-78-Scene-001,blank,4165NPanc-78,160.0,2.0,497.26092381653194
Registered-R3_blank.blank.blank.blank_4165NPanc-78-Scene-001_c1_ORG.tif,R3,c1,ORG,4165NPanc-78-Scene-001,DAPI,4165NPanc-78,8.0,3.0,2994.6621100640477
Registered-R3_blank.blank.blank.blank_4165NPanc-78-Scene-001_c2_ORG.tif,R3,c2,ORG,4165NPanc-78-Scene-001,blank,4165NPanc-78,12.0,3.0,465.6586668307354
Registered-R3_blank.blank.blank.blank_4165NPanc-78-Scene-001_c3_ORG.tif,R3,c3,ORG,4165NPanc-78-Scene-001,blank,4165NPanc-78,35.0,3.0,249.45699120277442
Registered-R3_blank.blank.blank.blank_4165NPanc-78-Scene-001_c4_ORG.tif,R3,c4,ORG,4165NPanc-78-Scene-001,blank,4165NPanc-78,120.0,3.0,403.2077570870242
Registered-R3_blank.blank.blank.blank_4165NPanc-78-Scene-001_c5_ORG.tif,R3,c5,ORG,4165NPanc-78-Scene-001,blank,4165NPanc-78,160.0,3.0,495.2835456653407
Registered-R4_blank.blank.blank.blank_4165NPanc-78-Scene-001_c1_ORG.tif,R4,c1,ORG,4165NPanc-78-Scene-001,DAPI,4165NPanc-78,10.0,4.0,4309.790381298275
Registered-R4_blank.blank.blank.blank_4165NPanc-78-Scene-001_c2_ORG.tif,R4,c2,ORG,4165NPanc-78-Scene-001,blank,4165NPanc-78,12.0,4.0,405.4500665732737
Registered-R4_blank.blank.blank.blank_4165NPanc-78-Scene-001_c3_ORG.tif,R4,c3,ORG,4165NPanc-78-Scene-001,blank,4165NPanc-78,35.0,4.0,214.41426119820042
Registered-R4_blank.blank.blank.blank_4165NPanc-78-Scene-001_c4_ORG.tif,R4,c4,ORG,4165NPanc-78-Scene-001,blank,4165NPanc-78,120.0,4.0,390.65194586000143
Registered-R4_blank.blank.blank.blank_4165NPanc-78-Scene-001_c5_ORG.tif,R4,c5,ORG,4165NPanc-78-Scene-001,blank,4165NPanc-78,160.0,4.0,492.77075397391485
Registered-R5_blank.blank.blank.blank_4165NPanc-78-Scene-001_c1_ORG.tif,R5,c1,ORG,4165NPanc-78-Scene-001,DAPI,4165NPanc-78,7.0,5.0,2650.7120353675664
Registered-R5_blank.blank.blank.blank_4165NPanc-78-Scene-001_c2_ORG.tif,R5,c2,ORG,4165NPanc-78-Scene-001,blank,4165NPanc-78,12.0,5.0,400.5919439951351
Registered-R5_blank.blank.blank.blank_4165NPanc-78-Scene-001_c3_ORG.tif,R5,c3,ORG,4165NPanc-78-Scene-001,blank,4165NPanc-78,35.0,5.0,212.0744597164348
Registered-R5_blank.blank.blank.blank_4165NPanc-78-Scene-001_c4_ORG.tif,R5,c4,ORG,4165NPanc-78-Scene-001,blank,4165NPanc-78,120.0,5.0,389.608145582322
Registered-R5_blank.blank.blank.blank_4165NPanc-78-Scene-001_c5_ORG.tif,R5,c5,ORG,4165NPanc-78-Scene-001,blank,4165NPanc-78,160.0,5.0,493.2006876515117
Registered-R6_blank.blank.blank.blank_4165NPanc-78-Scene-001_c1_ORG.tif,R6,c1,ORG,4165NPanc-78-Scene-001,DAPI,4165NPanc-78,7.0,6.0,4058.5253125051204
Registered-R6_blank.blank.blank.blank_4165NPanc-78-Scene-001_c2_ORG.tif,R6,c2,ORG,4165NPanc-78-Scene-001,blank,4165NPanc-78,12.0,6.0,485.1953449299104
Registered-R6_blank.blank.blank.blank_4165NPanc-78-Scene-001_c3_ORG.tif,R6,c3,ORG,4165NPanc-78-Scene-001,blank,4165NPanc-78,35.0,6.0,238.61073229166195
Registered-R6_blank.blank.blank.blank_4165NPanc-78-Scene-001_c4_ORG.tif,R6,c4,ORG,4165NPanc-78-Scene-001,blank,4165NPanc-78,120.0,6.0,389.27180102297797
Registered-R6_blank.blank.blank.blank_4165NPanc-78-Scene-001_c5_ORG.tif,R6,c5,ORG,4165NPanc-78-Scene-001,blank,4165NPanc-78,160.0,6.0,511.15775649919095
Registered-R0_R0c2.R0c3.R0c4.R0c5_NPPan4165-65-Scene-1_c1_ORG.tif,R0,c1,ORG,NPPan4165-65-Scene-1,DAPI,NPPan4165-65,15.0,0.0,1297.1652514853479
Registered-R0_R0c2.R0c3.R0c4.R0c5_NPPan4165-65-Scene-1_c2_ORG.tif,R0,c2,ORG,NPPan4165-65-Scene-1,R0c2,NPPan4165-65,50.0,0.0,2029.3484669390364
Registered-R0_R0c2.R0c3.R0c4.R0c5_NPPan4165-65-Scene-1_c3_ORG.tif,R0,c3,ORG,NPPan4165-65-Scene-1,R0c3,NPPan4165-65,200.0,0.0,1211.897524483219
Registered-R0_R0c2.R0c3.R0c4.R0c5_NPPan4165-65-Scene-1_c4_ORG.tif,R0,c4,ORG,NPPan4165-65-Scene-1,R0c4,NPPan4165-65,500.0,0.0,1289.4169621952542
Registered-R0_R0c2.R0c3.R0c4.R0c5_NPPan4165-65-Scene-1_c5_ORG.tif,R0,c5,ORG,NPPan4165-65-Scene-1,R0c5,NPPan4165-65,500.0,0.0,1435.5854336527616
Registered-R1_R1c2.R1c3.R1c4.R1c5_NPPan4165-65-Scene-1_c1_ORG.tif,R1,c1,ORG,NPPan4165-65-Scene-1,DAPI,NPPan4165-65,15.0,1.0,1738.2633767230882
Registered-R1_R1c2.R1c3.R1c4.R1c5_NPPan4165-65-Scene-1_c2_ORG.tif,R1,c2,ORG,NPPan4165-65-Scene-1,R1c2,NPPan4165-65,50.0,1.0,933.8186665875361
Registered-R1_R1c2.R1c3.R1c4.R1c5_NPPan4165-65-Scene-1_c3_ORG.tif,R1,c3,ORG,NPPan4165-65-Scene-1,R1c3,NPPan4165-65,200.0,1.0,533.9658133914988
Registered-R1_R1c2.R1c3.R1c4.R1c5_NPPan4165-65-Scene-1_c4_ORG.tif,R1,c4,ORG,NPPan4165-65-Scene-1,R1c4,NPPan4165-65,500.0,1.0,1180.792986388846
Registered-R1_R1c2.R1c3.R1c4.R1c5_NPPan4165-65-Scene-1_c5_ORG.tif,R1,c5,ORG,NPPan4165-65-Scene-1,R1c5,NPPan4165-65,500.0,1.0,1366.238094825687
Registered-R2_R2c2.R2c3.R2c4.R2c5_NPPan4165-65-Scene-1_c1_ORG.tif,R2,c1,ORG,NPPan4165-65-Scene-1,DAPI,NPPan4165-65,15.0,2.0,2421.1873063579224
Registered-R2_R2c2.R2c3.R2c4.R2c5_NPPan4165-65-Scene-1_c2_ORG.tif,R2,c2,ORG,NPPan4165-65-Scene-1,R2c2,NPPan4165-65,50.0,2.0,810.1722062998881
Registered-R2_R2c2.R2c3.R2c4.R2c5_NPPan4165-65-Scene-1_c3_ORG.tif,R2,c3,ORG,NPPan4165-65-Scene-1,R2c3,NPPan4165-65,200.0,2.0,521.9354314544393
Registered-R2_R2c2.R2c3.R2c4.R2c5_NPPan4165-65-Scene-1_c4_ORG.tif,R2,c4,ORG,NPPan4165-65-Scene-1,R2c4,NPPan4165-65,500.0,2.0,1225.395375827357
Registered-R2_R2c2.R2c3.R2c4.R2c5_NPPan4165-65-Scene-1_c5_ORG.tif,R2,c5,ORG,NPPan4165-65-Scene-1,R2c5,NPPan4165-65,500.0,2.0,1358.432264330492
Registered-R3_R3c2.R3c3.R3c4.R3c5_NPPan4165-65-Scene-1_c1_ORG.tif,R3,c1,ORG,NPPan4165-65-Scene-1,DAPI,NPPan4165-65,15.0,3.0,2943.119550440709
Registered-R3_R3c2.R3c3.R3c4.R3c5_NPPan4165-65-Scene-1_c2_ORG.tif,R3,c2,ORG,NPPan4165-65-Scene-1,R3c2,NPPan4165-65,50.0,3.0,790.5284534622317
Registered-R3_R3c2.R3c3.R3c4.R3c5_NPPan4165-65-Scene-1_c3_ORG.tif,R3,c3,ORG,NPPan4165-65-Scene-1,R3c3,NPPan4165-65,200.0,3.0,495.8087124582872
Registered-R3_R3c2.R3c3.R3c4.R3c5_NPPan4165-65-Scene-1_c4_ORG.tif,R3,c4,ORG,NPPan4165-65-Scene-1,R3c4,NPPan4165-65,500.0,3.0,1182.0263694373853
Registered-R3_R3c2.R3c3.R3c4.R3c5_NPPan4165-65-Scene-1_c5_ORG.tif,R3,c5,ORG,NPPan4165-65-Scene-1,R3c5,NPPan4165-65,500.0,3.0,1421.0588466461259
Registered-R0_R0c2.R0c3.R0c4.R0c5_NPPan4165-66-Scene-1_c1_ORG.tif,R0,c1,ORG,NPPan4165-66-Scene-1,DAPI,NPPan4165-66,15.0,0.0,1379.1964927284378
Registered-R0_R0c2.R0c3.R0c4.R0c5_NPPan4165-66-Scene-1_c2_ORG.tif,R0,c2,ORG,NPPan4165-66-Scene-1,R0c2,NPPan4165-66,50.0,0.0,2624.5123976620903
Registered-R0_R0c2.R0c3.R0c4.R0c5_NPPan4165-66-Scene-1_c3_ORG.tif,R0,c3,ORG,NPPan4165-66-Scene-1,R0c3,NPPan4165-66,200.0,0.0,1572.1075684394543
Registered-R0_R0c2.R0c3.R0c4.R0c5_NPPan4165-66-Scene-1_c4_ORG.tif,R0,c4,ORG,NPPan4165-66-Scene-1,R0c4,NPPan4165-66,500.0,0.0,1356.8323656200218
Registered-R0_R0c2.R0c3.R0c4.R0c5_NPPan4165-66-Scene-1_c5_ORG.tif,R0,c5,ORG,NPPan4165-66-Scene-1,R0c5,NPPan4165-66,500.0,0.0,1437.2827643149183
Registered-R1_R1c2.R1c3.R1c4.R1c5_NPPan4165-66-Scene-1_c1_ORG.tif,R1,c1,ORG,NPPan4165-66-Scene-1,DAPI,NPPan4165-66,15.0,1.0,2160.042456749716
Registered-R1_R1c2.R1c3.R1c4.R1c5_NPPan4165-66-Scene-1_c2_ORG.tif,R1,c2,ORG,NPPan4165-66-Scene-1,R1c2,NPPan4165-66,50.0,1.0,2490.676754906882
Registered-R1_R1c2.R1c3.R1c4.R1c5_NPPan4165-66-Scene-1_c3_ORG.tif,R1,c3,ORG,NPPan4165-66-Scene-1,R1c3,NPPan4165-66,200.0,1.0,1615.4827567383793
Registered-R1_R1c2.R1c3.R1c4.R1c5_NPPan4165-66-Scene-1_c4_ORG.tif,R1,c4,ORG,NPPan4165-66-Scene-1,R1c4,NPPan4165-66,500.0,1.0,1404.7163122834768
Registered-R1_R1c2.R1c3.R1c4.R1c5_NPPan4165-66-Scene-1_c5_ORG.tif,R1,c5,ORG,NPPan4165-66-Scene-1,R1c5,NPPan4165-66,500.0,1.0,1398.1237173704003
Registered-R2_R2c2.R2c3.R2c4.R2c5_NPPan4165-66-Scene-1_c1_ORG.tif,R2,c1,ORG,NPPan4165-66-Scene-1,DAPI,NPPan4165-66,15.0,2.0,2984.1397703429793
Registered-R2_R2c2.R2c3.R2c4.R2c5_NPPan4165-66-Scene-1_c2_ORG.tif,R2,c2,ORG,NPPan4165-66-Scene-1,R2c2,NPPan4165-66,50.0,2.0,2461.859895523232
Registered-R2_R2c2.R2c3.R2c4.R2c5_NPPan4165-66-Scene-1_c3_ORG.tif,R2,c3,ORG,NPPan4165-66-Scene-1,R2c3,NPPan4165-66,200.0,2.0,1650.3666888352348
Registered-R2_R2c2.R2c3.R2c4.R2c5_NPPan4165-66-Scene-1_c4_ORG.tif,R2,c4,ORG,NPPan4165-66-Scene-1,R2c4,NPPan4165-66,500.0,2.0,1460.6819115307246
Registered-R2_R2c2.R2c3.R2c4.R2c5_NPPan4165-66-Scene-1_c5_ORG.tif,R2,c5,ORG,NPPan4165-66-Scene-1,R2c5,NPPan4165-66,500.0,2.0,1392.347688260025
Registered-R3_R3c2.R3c3.R3c4.R3c5_NPPan4165-66-Scene-1_c1_ORG.tif,R3,c1,ORG,NPPan4165-66-Scene-1,DAPI,NPPan4165-66,15.0,3.0,3381.5194471332657
Registered-R3_R3c2.R3c3.R3c4.R3c5_NPPan4165-66-Scene-1_c2_ORG.tif,R3,c2,ORG,NPPan4165-66-Scene-1,R3c2,NPPan4165-66,50.0,3.0,2718.0404760657107
Registered-R3_R3c2.R3c3.R3c4.R3c5_NPPan4165-66-Scene-1_c3_ORG.tif,R3,c3,ORG,NPPan4165-66-Scene-1,R3c3,NPPan4165-66,200.0,3.0,1730.0115438829494
Registered-R3_R3c2.R3c3.R3c4.R3c5_NPPan4165-66-Scene-1_c4_ORG.tif,R3,c4,ORG,NPPan4165-66-Scene-1,R3c4,NPPan4165-66,500.0,3.0,1501.399923973954
Registered-R3_R3c2.R3c3.R3c4.R3c5_NPPan4165-66-Scene-1_c5_ORG.tif,R3,c5,ORG,NPPan4165-66-Scene-1,R3c5,NPPan4165-66,500.0,3.0,1456.020238704365
Registered-R1_CK7-Vimentin.CK14-CD68_B1640-T8-3-Scene-001_c1_ORG.tif,R1,c1,ORG,B1640-T8-3-Scene-001,DAPI,B1640-T8-3,10.0,1.0,1059.53047348239
Registered-R1_CK7-Vimentin.CK14-CD68_B1640-T8-3-Scene-001_c2_ORG.tif,R1,c2,ORG,B1640-T8-3-Scene-001,CK7-Vimentin,B1640-T8-3,10.0,1.0,327.585498343557
Registered-R1_CK7-Vimentin.CK14-CD68_B1640-T8-3-Scene-001_c3_ORG.tif,R1,c3,ORG,B1640-T8-3-Scene-001,CK14-CD68,B1640-T8-3,60.0,1.0,220.02622469804862
Registered-R2_488.555_B1640-T8-3-Scene-001_c1_ORG.tif,R2,c1,ORG,B1640-T8-3-Scene-001,DAPI,B1640-T8-3,5.0,2.0,1590.0926619315112
Registered-R2_488.555_B1640-T8-3-Scene-001_c2_ORG.tif,R2,c2,ORG,B1640-T8-3-Scene-001,488,B1640-T8-3,50.0,2.0,1085.08428846961
Registered-R2_488.555_B1640-T8-3-Scene-001_c3_ORG.tif,R2,c3,ORG,B1640-T8-3-Scene-001,555,B1640-T8-3,200.0,2.0,458.62572115886604
Registered-R3_488.555_B1640-T8-3-Scene-001_c1_ORG.tif,R3,c1,ORG,B1640-T8-3-Scene-001,DAPI,B1640-T8-3,10.0,3.0,1734.2946855010891
Registered-R3_488.555_B1640-T8-3-Scene-001_c2_ORG.tif,R3,c2,ORG,B1640-T8-3-Scene-001,488,B1640-T8-3,50.0,3.0,957.8735537770128
Registered-R3_488.555_B1640-T8-3-Scene-001_c3_ORG.tif,R3,c3,ORG,B1640-T8-3-Scene-001,555,B1640-T8-3,200.0,3.0,429.7688235943653
Registered-R4_488.555_B1640-T8-3-Scene-001_c1_ORG.tif,R4,c1,ORG,B1640-T8-3-Scene-001,DAPI,B1640-T8-3,10.0,4.0,2172.896420780247
Registered-R4_488.555_B1640-T8-3-Scene-001_c2_ORG.tif,R4,c2,ORG,B1640-T8-3-Scene-001,488,B1640-T8-3,50.0,4.0,851.0290790973606
Registered-R4_488.555_B1640-T8-3-Scene-001_c3_ORG.tif,R4,c3,ORG,B1640-T8-3-Scene-001,555,B1640-T8-3,200.0,4.0,432.14806554504173
Registered-R5_488.555_B1640-T8-3-Scene-001_c1_ORG.tif,R5,c1,ORG,B1640-T8-3-Scene-001,DAPI,B1640-T8-3,10.0,5.0,2266.922709288449
Registered-R5_488.555_B1640-T8-3-Scene-001_c2_ORG.tif,R5,c2,ORG,B1640-T8-3-Scene-001,488,B1640-T8-3,50.0,5.0,899.7552314876247
Registered-R5_488.555_B1640-T8-3-Scene-001_c3_ORG.tif,R5,c3,ORG,B1640-T8-3-Scene-001,555,B1640-T8-3,200.0,5.0,469.7120984646206
Registered-R6_488.555_B1640-T8-3-Scene-001_c1_ORG.tif,R6,c1,ORG,B1640-T8-3-Scene-001,DAPI,B1640-T8-3,10.0,6.0,2500.830236050249
Registered-R6_488.555_B1640-T8-3-Scene-001_c2_ORG.tif,R6,c2,ORG,B1640-T8-3-Scene-001,488,B1640-T8-3,50.0,6.0,1006.2609618009243
Registered-R6_488.555_B1640-T8-3-Scene-001_c3_ORG.tif,R6,c3,ORG,B1640-T8-3-Scene-001,555,B1640-T8-3,200.0,6.0,471.2226730623028
Registered-R7_488.555_B1640-T8-3-Scene-001_c1_ORG.tif,R7,c1,ORG,B1640-T8-3-Scene-001,DAPI,B1640-T8-3,10.0,7.0,3287.154343761448
Registered-R7_488.555_B1640-T8-3-Scene-001_c2_ORG.tif,R7,c2,ORG,B1640-T8-3-Scene-001,488,B1640-T8-3,50.0,7.0,958.3158123855678
Registered-R7_488.555_B1640-T8-3-Scene-001_c3_ORG.tif,R7,c3,ORG,B1640-T8-3-Scene-001,555,B1640-T8-3,200.0,7.0,451.164214682178
Registered-R1_CK7-Vimentin.CK14-CD68_B1640-T8-4-Scene-001_c1_ORG.tif,R1,c1,ORG,B1640-T8-4-Scene-001,DAPI,B1640-T8-4,10.0,1.0,989.4912858287756
Registered-R1_CK7-Vimentin.CK14-CD68_B1640-T8-4-Scene-001_c2_ORG.tif,R1,c2,ORG,B1640-T8-4-Scene-001,CK7-Vimentin,B1640-T8-4,10.0,1.0,1987.81371332337
Registered-R1_CK7-Vimentin.CK14-CD68_B1640-T8-4-Scene-001_c3_ORG.tif,R1,c3,ORG,B1640-T8-4-Scene-001,CK14-CD68,B1640-T8-4,60.0,1.0,1202.0948801817242
Registered-R2_488.555_B1640-T8-4-Scene-001_c1_ORG.tif,R2,c1,ORG,B1640-T8-4-Scene-001,DAPI,B1640-T8-4,5.0,2.0,1809.8160883371647
Registered-R2_488.555_B1640-T8-4-Scene-001_c2_ORG.tif,R2,c2,ORG,B1640-T8-4-Scene-001,488,B1640-T8-4,50.0,2.0,1958.6364607627406
Registered-R2_488.555_B1640-T8-4-Scene-001_c3_ORG.tif,R2,c3,ORG,B1640-T8-4-Scene-001,555,B1640-T8-4,200.0,2.0,506.1735575907739
Registered-R3_488.555_B1640-T8-4-Scene-001_c1_ORG.tif,R3,c1,ORG,B1640-T8-4-Scene-001,DAPI,B1640-T8-4,10.0,3.0,1858.3620596280507
Registered-R3_488.555_B1640-T8-4-Scene-001_c2_ORG.tif,R3,c2,ORG,B1640-T8-4-Scene-001,488,B1640-T8-4,50.0,3.0,1141.9425046859951
Registered-R3_488.555_B1640-T8-4-Scene-001_c3_ORG.tif,R3,c3,ORG,B1640-T8-4-Scene-001,555,B1640-T8-4,200.0,3.0,469.2892087146924
Registered-R4_488.555_B1640-T8-4-Scene-001_c1_ORG.tif,R4,c1,ORG,B1640-T8-4-Scene-001,DAPI,B1640-T8-4,10.0,4.0,2170.245821584786
Registered-R4_488.555_B1640-T8-4-Scene-001_c2_ORG.tif,R4,c2,ORG,B1640-T8-4-Scene-001,488,B1640-T8-4,50.0,4.0,976.1856167312149
Registered-R4_488.555_B1640-T8-4-Scene-001_c3_ORG.tif,R4,c3,ORG,B1640-T8-4-Scene-001,555,B1640-T8-4,200.0,4.0,459.2610107252655
Registered-R5_488.555_B1640-T8-4-Scene-001_c1_ORG.tif,R5,c1,ORG,B1640-T8-4-Scene-001,DAPI,B1640-T8-4,10.0,5.0,2316.5026348515753
Registered-R5_488.555_B1640-T8-4-Scene-001_c2_ORG.tif,R5,c2,ORG,B1640-T8-4-Scene-001,488,B1640-T8-4,50.0,5.0,1003.552459592553
Registered-R5_488.555_B1640-T8-4-Scene-001_c3_ORG.tif,R5,c3,ORG,B1640-T8-4-Scene-001,555,B1640-T8-4,200.0,5.0,499.71581182039046
Registered-R6_488.555_B1640-T8-4-Scene-001_c1_ORG.tif,R6,c1,ORG,B1640-T8-4-Scene-001,DAPI,B1640-T8-4,10.0,6.0,2488.919076332593
Registered-R6_488.555_B1640-T8-4-Scene-001_c2_ORG.tif,R6,c2,ORG,B1640-T8-4-Scene-001,488,B1640-T8-4,50.0,6.0,1066.8629042190742
Registered-R6_488.555_B1640-T8-4-Scene-001_c3_ORG.tif,R6,c3,ORG,B1640-T8-4-Scene-001,555,B1640-T8-4,200.0,6.0,478.282585466695
Registered-R7_488.555_B1640-T8-4-Scene-001_c1_ORG.tif,R7,c1,ORG,B1640-T8-4-Scene-001,DAPI,B1640-T8-4,10.0,7.0,2974.364487919468
Registered-R7_488.555_B1640-T8-4-Scene-001_c2_ORG.tif,R7,c2,ORG,B1640-T8-4-Scene-001,488,B1640-T8-4,50.0,7.0,1018.2619798719459
Registered-R7_488.555_B1640-T8-4-Scene-001_c3_ORG.tif,R7,c3,ORG,B1640-T8-4-Scene-001,555,B1640-T8-4,200.0,7.0,457.6171680109102
Registered-R1_CK7-Vimentin.CK14-CD68_B1640-T8-5-Scene-001_c1_ORG.tif,R1,c1,ORG,B1640-T8-5-Scene-001,DAPI,B1640-T8-5,10.0,1.0,950.7254584778935
Registered-R1_CK7-Vimentin.CK14-CD68_B1640-T8-5-Scene-001_c2_ORG.tif,R1,c2,ORG,B1640-T8-5-Scene-001,CK7-Vimentin,B1640-T8-5,10.0,1.0,1033.4444906493961
Registered-R1_CK7-Vimentin.CK14-CD68_B1640-T8-5-Scene-001_c3_ORG.tif,R1,c3,ORG,B1640-T8-5-Scene-001,CK14-CD68,B1640-T8-5,60.0,1.0,1061.7854414102733
Registered-R2_488.555_B1640-T8-5-Scene-001_c1_ORG.tif,R2,c1,ORG,B1640-T8-5-Scene-001,DAPI,B1640-T8-5,5.0,2.0,1836.2158581882413
Registered-R2_488.555_B1640-T8-5-Scene-001_c2_ORG.tif,R2,c2,ORG,B1640-T8-5-Scene-001,488,B1640-T8-5,50.0,2.0,2104.063280205631
Registered-R2_488.555_B1640-T8-5-Scene-001_c3_ORG.tif,R2,c3,ORG,B1640-T8-5-Scene-001,555,B1640-T8-5,200.0,2.0,553.5162204156394
Registered-R3_488.555_B1640-T8-5-Scene-001_c1_ORG.tif,R3,c1,ORG,B1640-T8-5-Scene-001,DAPI,B1640-T8-5,10.0,3.0,2132.1162606138214
Registered-R3_488.555_B1640-T8-5-Scene-001_c2_ORG.tif,R3,c2,ORG,B1640-T8-5-Scene-001,488,B1640-T8-5,50.0,3.0,1272.5612702237331
Registered-R3_488.555_B1640-T8-5-Scene-001_c3_ORG.tif,R3,c3,ORG,B1640-T8-5-Scene-001,555,B1640-T8-5,200.0,3.0,513.9187987986032
Registered-R4_488.555_B1640-T8-5-Scene-001_c1_ORG.tif,R4,c1,ORG,B1640-T8-5-Scene-001,DAPI,B1640-T8-5,10.0,4.0,2445.469420553439
Registered-R4_488.555_B1640-T8-5-Scene-001_c2_ORG.tif,R4,c2,ORG,B1640-T8-5-Scene-001,488,B1640-T8-5,50.0,4.0,1132.645581246696
Registered-R4_488.555_B1640-T8-5-Scene-001_c3_ORG.tif,R4,c3,ORG,B1640-T8-5-Scene-001,555,B1640-T8-5,200.0,4.0,515.3232566805929
Registered-R5_488.555_B1640-T8-5-Scene-001_c1_ORG.tif,R5,c1,ORG,B1640-T8-5-Scene-001,DAPI,B1640-T8-5,10.0,5.0,2663.1577629183234
Registered-R5_488.555_B1640-T8-5-Scene-001_c2_ORG.tif,R5,c2,ORG,B1640-T8-5-Scene-001,488,B1640-T8-5,50.0,5.0,1186.398837615148
Registered-R5_488.555_B1640-T8-5-Scene-001_c3_ORG.tif,R5,c3,ORG,B1640-T8-5-Scene-001,555,B1640-T8-5,200.0,5.0,563.9392808270659
Registered-R6_488.555_B1640-T8-5-Scene-001_c1_ORG.tif,R6,c1,ORG,B1640-T8-5-Scene-001,DAPI,B1640-T8-5,10.0,6.0,2703.699525727556
Registered-R6_488.555_B1640-T8-5-Scene-001_c2_ORG.tif,R6,c2,ORG,B1640-T8-5-Scene-001,488,B1640-T8-5,50.0,6.0,1295.4797241899587
Registered-R6_488.555_B1640-T8-5-Scene-001_c3_ORG.tif,R6,c3,ORG,B1640-T8-5-Scene-001,555,B1640-T8-5,200.0,6.0,537.8642109807563
Registered-R7_488.555_B1640-T8-5-Scene-001_c1_ORG.tif,R7,c1,ORG,B1640-T8-5-Scene-001,DAPI,B1640-T8-5,10.0,7.0,3129.280930731774
Registered-R7_488.555_B1640-T8-5-Scene-001_c2_ORG.tif,R7,c2,ORG,B1640-T8-5-Scene-001,488,B1640-T8-5,50.0,7.0,1246.4152728547858
Registered-R7_488.555_B1640-T8-5-Scene-001_c3_ORG.tif,R7,c3,ORG,B1640-T8-5-Scene-001,555,B1640-T8-5,200.0,7.0,512.2362193611865
Registered-R1_CK7-Vimentin.CK14-CD68_B1640-T8-6-Scene-001_c1_ORG.tif,R1,c1,ORG,B1640-T8-6-Scene-001,DAPI,B1640-T8-6,10.0,1.0,1031.1808356735826
Registered-R1_CK7-Vimentin.CK14-CD68_B1640-T8-6-Scene-001_c2_ORG.tif,R1,c2,ORG,B1640-T8-6-Scene-001,CK7-Vimentin,B1640-T8-6,10.0,1.0,1532.8880827176429
Registered-R1_CK7-Vimentin.CK14-CD68_B1640-T8-6-Scene-001_c3_ORG.tif,R1,c3,ORG,B1640-T8-6-Scene-001,CK14-CD68,B1640-T8-6,60.0,1.0,1176.5596008949185
Registered-R2_488.555_B1640-T8-6-Scene-001_c1_ORG.tif,R2,c1,ORG,B1640-T8-6-Scene-001,DAPI,B1640-T8-6,5.0,2.0,1458.1610299730753
Registered-R2_488.555_B1640-T8-6-Scene-001_c2_ORG.tif,R2,c2,ORG,B1640-T8-6-Scene-001,488,B1640-T8-6,50.0,2.0,844.0299920936767
Registered-R2_488.555_B1640-T8-6-Scene-001_c3_ORG.tif,R2,c3,ORG,B1640-T8-6-Scene-001,555,B1640-T8-6,200.0,2.0,398.67795946537
Registered-R3_488.555_B1640-T8-6-Scene-001_c1_ORG.tif,R3,c1,ORG,B1640-T8-6-Scene-001,DAPI,B1640-T8-6,10.0,3.0,1735.064349569374
Registered-R3_488.555_B1640-T8-6-Scene-001_c2_ORG.tif,R3,c2,ORG,B1640-T8-6-Scene-001,488,B1640-T8-6,50.0,3.0,696.3686377626744
Registered-R3_488.555_B1640-T8-6-Scene-001_c3_ORG.tif,R3,c3,ORG,B1640-T8-6-Scene-001,555,B1640-T8-6,200.0,3.0,364.1737002306639
Registered-R4_488.555_B1640-T8-6-Scene-001_c1_ORG.tif,R4,c1,ORG,B1640-T8-6-Scene-001,DAPI,B1640-T8-6,10.0,4.0,1510.7515364729095
Registered-R4_488.555_B1640-T8-6-Scene-001_c2_ORG.tif,R4,c2,ORG,B1640-T8-6-Scene-001,488,B1640-T8-6,50.0,4.0,517.0715927512655
Registered-R4_488.555_B1640-T8-6-Scene-001_c3_ORG.tif,R4,c3,ORG,B1640-T8-6-Scene-001,555,B1640-T8-6,200.0,4.0,320.8432068825303
Registered-R5_488.555_B1640-T8-6-Scene-001_c1_ORG.tif,R5,c1,ORG,B1640-T8-6-Scene-001,DAPI,B1640-T8-6,10.0,5.0,1518.249957993642
Registered-R5_488.555_B1640-T8-6-Scene-001_c2_ORG.tif,R5,c2,ORG,B1640-T8-6-Scene-001,488,B1640-T8-6,50.0,5.0,552.8283277482743
Registered-R5_488.555_B1640-T8-6-Scene-001_c3_ORG.tif,R5,c3,ORG,B1640-T8-6-Scene-001,555,B1640-T8-6,200.0,5.0,342.5348637285369
Registered-R6_488.555_B1640-T8-6-Scene-001_c1_ORG.tif,R6,c1,ORG,B1640-T8-6-Scene-001,DAPI,B1640-T8-6,10.0,6.0,1428.021887326004
Registered-R6_488.555_B1640-T8-6-Scene-001_c2_ORG.tif,R6,c2,ORG,B1640-T8-6-Scene-001,488,B1640-T8-6,50.0,6.0,517.470335634539
Registered-R6_488.555_B1640-T8-6-Scene-001_c3_ORG.tif,R6,c3,ORG,B1640-T8-6-Scene-001,555,B1640-T8-6,200.0,6.0,308.4737425122061
Registered-R7_488.555_B1640-T8-6-Scene-001_c1_ORG.tif,R7,c1,ORG,B1640-T8-6-Scene-001,DAPI,B1640-T8-6,10.0,7.0,1490.202144043435
Registered-R7_488.555_B1640-T8-6-Scene-001_c2_ORG.tif,R7,c2,ORG,B1640-T8-6-Scene-001,488,B1640-T8-6,50.0,7.0,558.6057304678394
Registered-R7_488.555_B1640-T8-6-Scene-001_c3_ORG.tif,R7,c3,ORG,B1640-T8-6-Scene-001,555,B1640-T8-6,200.0,7.0,322.8851711861199
