path,rounds,color,imagetype,scene,marker,path,round_int,tissue,exposure,slide,threshold,maxthreshold,meanpostive,meannegative,minimum,meanpos,meanneg
/home/groups/graylab_share/OMERO.rdsStore/engje/Data/20191104_ValidationStudies/Images/tiff/BM-Her2N75-15/Registered-R1_CD20.CD8.CD4.CK19_BM-Her2N75-15-Scene-017_c2_ORG.tif,R1,c2,ORG,BM-Her2N75-15-Scene-017,CD20,/home/groups/graylab_share/OMERO.rdsStore/engje/Data/20191104_ValidationStudies/Images/tiff/BM-Her2N75-15/Registered-R1_CD20.CD8.CD4.CK19_BM-Her2N75-15-Scene-017_c2_ORG.tif,1.0,BM-Her2N75-15-Scene-017,160.0,BM-Her2N75-15,6500.0,12000.0,9049.570957458503,3340.451902567341,6500.0,9697.452412941646,2626.966482085836
/home/groups/graylab_share/OMERO.rdsStore/engje/Data/20191104_ValidationStudies/Images/tiff/BM-Her2N75-17/Registered-R1_CD20.CD8.CD4.CK19_BM-Her2N75-17-Scene-017_c2_ORG.tif,R1,c2,ORG,BM-Her2N75-17-Scene-017,CD20,/home/groups/graylab_share/OMERO.rdsStore/engje/Data/20191104_ValidationStudies/Images/tiff/BM-Her2N75-17/Registered-R1_CD20.CD8.CD4.CK19_BM-Her2N75-17-Scene-017_c2_ORG.tif,1.0,BM-Her2N75-17-Scene-017,160.0,BM-Her2N75-17,6500.0,12000.0,9708.211374639946,3271.39429035726,6500.0,10426.235365967876,2444.0649428586635
/home/groups/graylab_share/OMERO.rdsStore/engje/Data/20191104_ValidationStudies/Images/tiff/BM-Her2N75-18/Registered-R1_CD20.CD8.CD4.CK19_BM-Her2N75-18-Scene-017_c2_ORG.tif,R1,c2,ORG,BM-Her2N75-18-Scene-017,CD20,/home/groups/graylab_share/OMERO.rdsStore/engje/Data/20191104_ValidationStudies/Images/tiff/BM-Her2N75-18/Registered-R1_CD20.CD8.CD4.CK19_BM-Her2N75-18-Scene-017_c2_ORG.tif,1.0,BM-Her2N75-18-Scene-017,160.0,BM-Her2N75-18,6500.0,12000.0,9001.077935320967,3358.122882431392,6500.0,10398.159538567494,2529.177306757584
/home/groups/graylab_share/OMERO.rdsStore/engje/Data/20191104_ValidationStudies/Images/tiff/BM-Her2N75-15/Registered-R1_CD20.CD8.CD4.CK19_BM-Her2N75-15-Scene-049_c2_ORG.tif,R1,c2,ORG,BM-Her2N75-15-Scene-049,CD20,/home/groups/graylab_share/OMERO.rdsStore/engje/Data/20191104_ValidationStudies/Images/tiff/BM-Her2N75-15/Registered-R1_CD20.CD8.CD4.CK19_BM-Her2N75-15-Scene-049_c2_ORG.tif,1.0,BM-Her2N75-15-Scene-049,160.0,BM-Her2N75-15,6500.0,12000.0,9623.104529784721,3246.9099035328545,6500.0,9583.578232783566,2500.507286882931
/home/groups/graylab_share/OMERO.rdsStore/engje/Data/20191104_ValidationStudies/Images/tiff/BM-Her2N75-17/Registered-R1_CD20.CD8.CD4.CK19_BM-Her2N75-17-Scene-049_c2_ORG.tif,R1,c2,ORG,BM-Her2N75-17-Scene-049,CD20,/home/groups/graylab_share/OMERO.rdsStore/engje/Data/20191104_ValidationStudies/Images/tiff/BM-Her2N75-17/Registered-R1_CD20.CD8.CD4.CK19_BM-Her2N75-17-Scene-049_c2_ORG.tif,1.0,BM-Her2N75-17-Scene-049,160.0,BM-Her2N75-17,6500.0,12000.0,9576.950960280856,3516.6928668165806,6500.0,9350.42728472283,2577.3652021233406
/home/groups/graylab_share/OMERO.rdsStore/engje/Data/20191104_ValidationStudies/Images/tiff/BM-Her2N75-18/Registered-R1_CD20.CD8.CD4.CK19_BM-Her2N75-18-Scene-049_c2_ORG.tif,R1,c2,ORG,BM-Her2N75-18-Scene-049,CD20,/home/groups/graylab_share/OMERO.rdsStore/engje/Data/20191104_ValidationStudies/Images/tiff/BM-Her2N75-18/Registered-R1_CD20.CD8.CD4.CK19_BM-Her2N75-18-Scene-049_c2_ORG.tif,1.0,BM-Her2N75-18-Scene-049,160.0,BM-Her2N75-18,6500.0,12000.0,8644.515980307884,3536.358938844358,6500.0,9034.997787701124,2706.4801199710196
/home/groups/graylab_share/OMERO.rdsStore/engje/Data/20191104_ValidationStudies/Images/tiff/BM-Her2N75-15/Registered-R1_CD20.CD8.CD4.CK19_BM-Her2N75-15-Scene-059_c2_ORG.tif,R1,c2,ORG,BM-Her2N75-15-Scene-059,CD20,/home/groups/graylab_share/OMERO.rdsStore/engje/Data/20191104_ValidationStudies/Images/tiff/BM-Her2N75-15/Registered-R1_CD20.CD8.CD4.CK19_BM-Her2N75-15-Scene-059_c2_ORG.tif,1.0,BM-Her2N75-15-Scene-059,160.0,BM-Her2N75-15,6500.0,12000.0,8081.285929043896,2722.946390934525,6500.0,8643.287886280657,2339.632277245863
/home/groups/graylab_share/OMERO.rdsStore/engje/Data/20191104_ValidationStudies/Images/tiff/BM-Her2N75-17/Registered-R1_CD20.CD8.CD4.CK19_BM-Her2N75-17-Scene-059_c2_ORG.tif,R1,c2,ORG,BM-Her2N75-17-Scene-059,CD20,/home/groups/graylab_share/OMERO.rdsStore/engje/Data/20191104_ValidationStudies/Images/tiff/BM-Her2N75-17/Registered-R1_CD20.CD8.CD4.CK19_BM-Her2N75-17-Scene-059_c2_ORG.tif,1.0,BM-Her2N75-17-Scene-059,160.0,BM-Her2N75-17,6500.0,12000.0,8412.912051265284,2893.4590431918627,6500.0,8654.924495303214,2413.650844985118
/home/groups/graylab_share/OMERO.rdsStore/engje/Data/20191104_ValidationStudies/Images/tiff/BM-Her2N75-18/Registered-R1_CD20.CD8.CD4.CK19_BM-Her2N75-18-Scene-059_c2_ORG.tif,R1,c2,ORG,BM-Her2N75-18-Scene-059,CD20,/home/groups/graylab_share/OMERO.rdsStore/engje/Data/20191104_ValidationStudies/Images/tiff/BM-Her2N75-18/Registered-R1_CD20.CD8.CD4.CK19_BM-Her2N75-18-Scene-059_c2_ORG.tif,1.0,BM-Her2N75-18-Scene-059,160.0,BM-Her2N75-18,6500.0,12000.0,7950.073449658101,3066.066308220669,6500.0,8761.312861384591,2547.2804618807077
/home/groups/graylab_share/OMERO.rdsStore/engje/Data/20191104_ValidationStudies/Images/tiff/BM-Her2N75-15/Registered-R1_CD20.CD8.CD4.CK19_BM-Her2N75-15-Scene-017_c4_ORG.tif,R1,c4,ORG,BM-Her2N75-15-Scene-017,CD4,/home/groups/graylab_share/OMERO.rdsStore/engje/Data/20191104_ValidationStudies/Images/tiff/BM-Her2N75-15/Registered-R1_CD20.CD8.CD4.CK19_BM-Her2N75-15-Scene-017_c4_ORG.tif,1.0,BM-Her2N75-15-Scene-017,1000.0,BM-Her2N75-15,3000.0,20000.0,3855.4763619638506,1681.2199039881832,3000.0,4122.089398564778,1546.5491558510448
/home/groups/graylab_share/OMERO.rdsStore/engje/Data/20191104_ValidationStudies/Images/tiff/BM-Her2N75-17/Registered-R1_CD20.CD8.CD4.CK19_BM-Her2N75-17-Scene-017_c4_ORG.tif,R1,c4,ORG,BM-Her2N75-17-Scene-017,CD4,/home/groups/graylab_share/OMERO.rdsStore/engje/Data/20191104_ValidationStudies/Images/tiff/BM-Her2N75-17/Registered-R1_CD20.CD8.CD4.CK19_BM-Her2N75-17-Scene-017_c4_ORG.tif,1.0,BM-Her2N75-17-Scene-017,1000.0,BM-Her2N75-17,3200.0,25000.0,4309.485229793693,1536.2092170804644,3200.0,4443.527086408548,1293.1037849790118
/home/groups/graylab_share/OMERO.rdsStore/engje/Data/20191104_ValidationStudies/Images/tiff/BM-Her2N75-18/Registered-R1_CD20.CD8.CD4.CK19_BM-Her2N75-18-Scene-017_c4_ORG.tif,R1,c4,ORG,BM-Her2N75-18-Scene-017,CD4,/home/groups/graylab_share/OMERO.rdsStore/engje/Data/20191104_ValidationStudies/Images/tiff/BM-Her2N75-18/Registered-R1_CD20.CD8.CD4.CK19_BM-Her2N75-18-Scene-017_c4_ORG.tif,1.0,BM-Her2N75-18-Scene-017,1000.0,BM-Her2N75-18,3000.0,25000.0,4076.5227954295256,1342.169796985382,3000.0,4110.224375062578,1144.2781644885547
/home/groups/graylab_share/OMERO.rdsStore/engje/Data/20191104_ValidationStudies/Images/tiff/BM-Her2N75-15/Registered-R1_CD20.CD8.CD4.CK19_BM-Her2N75-15-Scene-049_c4_ORG.tif,R1,c4,ORG,BM-Her2N75-15-Scene-049,CD4,/home/groups/graylab_share/OMERO.rdsStore/engje/Data/20191104_ValidationStudies/Images/tiff/BM-Her2N75-15/Registered-R1_CD20.CD8.CD4.CK19_BM-Her2N75-15-Scene-049_c4_ORG.tif,1.0,BM-Her2N75-15-Scene-049,1000.0,BM-Her2N75-15,3000.0,20000.0,4389.869133059066,1637.1154084110235,3000.0,4411.846937639081,1432.699089710332
/home/groups/graylab_share/OMERO.rdsStore/engje/Data/20191104_ValidationStudies/Images/tiff/BM-Her2N75-17/Registered-R1_CD20.CD8.CD4.CK19_BM-Her2N75-17-Scene-049_c4_ORG.tif,R1,c4,ORG,BM-Her2N75-17-Scene-049,CD4,/home/groups/graylab_share/OMERO.rdsStore/engje/Data/20191104_ValidationStudies/Images/tiff/BM-Her2N75-17/Registered-R1_CD20.CD8.CD4.CK19_BM-Her2N75-17-Scene-049_c4_ORG.tif,1.0,BM-Her2N75-17-Scene-049,1000.0,BM-Her2N75-17,3200.0,25000.0,4755.741451461924,1509.6966707075915,3200.0,4949.409361336733,1231.6534411647367
/home/groups/graylab_share/OMERO.rdsStore/engje/Data/20191104_ValidationStudies/Images/tiff/BM-Her2N75-18/Registered-R1_CD20.CD8.CD4.CK19_BM-Her2N75-18-Scene-049_c4_ORG.tif,R1,c4,ORG,BM-Her2N75-18-Scene-049,CD4,/home/groups/graylab_share/OMERO.rdsStore/engje/Data/20191104_ValidationStudies/Images/tiff/BM-Her2N75-18/Registered-R1_CD20.CD8.CD4.CK19_BM-Her2N75-18-Scene-049_c4_ORG.tif,1.0,BM-Her2N75-18-Scene-049,1000.0,BM-Her2N75-18,3000.0,25000.0,4411.982939520602,1220.7334407729,3000.0,4689.101991414208,1049.9566034756222
/home/groups/graylab_share/OMERO.rdsStore/engje/Data/20191104_ValidationStudies/Images/tiff/BM-Her2N75-15/Registered-R1_CD20.CD8.CD4.CK19_BM-Her2N75-15-Scene-059_c4_ORG.tif,R1,c4,ORG,BM-Her2N75-15-Scene-059,CD4,/home/groups/graylab_share/OMERO.rdsStore/engje/Data/20191104_ValidationStudies/Images/tiff/BM-Her2N75-15/Registered-R1_CD20.CD8.CD4.CK19_BM-Her2N75-15-Scene-059_c4_ORG.tif,1.0,BM-Her2N75-15-Scene-059,1000.0,BM-Her2N75-15,3000.0,20000.0,4343.055052180244,1776.6457926475953,3000.0,4959.749356687729,1451.025189724618
/home/groups/graylab_share/OMERO.rdsStore/engje/Data/20191104_ValidationStudies/Images/tiff/BM-Her2N75-17/Registered-R1_CD20.CD8.CD4.CK19_BM-Her2N75-17-Scene-059_c4_ORG.tif,R1,c4,ORG,BM-Her2N75-17-Scene-059,CD4,/home/groups/graylab_share/OMERO.rdsStore/engje/Data/20191104_ValidationStudies/Images/tiff/BM-Her2N75-17/Registered-R1_CD20.CD8.CD4.CK19_BM-Her2N75-17-Scene-059_c4_ORG.tif,1.0,BM-Her2N75-17-Scene-059,1000.0,BM-Her2N75-17,3200.0,25000.0,4931.783190133037,1655.019603137295,3200.0,5999.714381619984,1291.8905197425277
/home/groups/graylab_share/OMERO.rdsStore/engje/Data/20191104_ValidationStudies/Images/tiff/BM-Her2N75-18/Registered-R1_CD20.CD8.CD4.CK19_BM-Her2N75-18-Scene-059_c4_ORG.tif,R1,c4,ORG,BM-Her2N75-18-Scene-059,CD4,/home/groups/graylab_share/OMERO.rdsStore/engje/Data/20191104_ValidationStudies/Images/tiff/BM-Her2N75-18/Registered-R1_CD20.CD8.CD4.CK19_BM-Her2N75-18-Scene-059_c4_ORG.tif,1.0,BM-Her2N75-18-Scene-059,1000.0,BM-Her2N75-18,3000.0,25000.0,4502.9395137980355,1353.0365486052913,3000.0,5762.889061016019,1064.6971027004386
/home/groups/graylab_share/OMERO.rdsStore/engje/Data/20191104_ValidationStudies/Images/tiff/BM-Her2N75-15/Registered-R3_pH3.CK14.CD44.CK5_BM-Her2N75-15-Scene-017_c4_ORG.tif,R3,c4,ORG,BM-Her2N75-15-Scene-017,CD44,/home/groups/graylab_share/OMERO.rdsStore/engje/Data/20191104_ValidationStudies/Images/tiff/BM-Her2N75-15/Registered-R3_pH3.CK14.CD44.CK5_BM-Her2N75-15-Scene-017_c4_ORG.tif,3.0,BM-Her2N75-15-Scene-017,1000.0,BM-Her2N75-15,5000.0,40000.0,9000.065330974332,2053.3017579464567,5000.0,8902.52966829307,1740.9484918707765
/home/groups/graylab_share/OMERO.rdsStore/engje/Data/20191104_ValidationStudies/Images/tiff/BM-Her2N75-17/Registered-R3_pH3.CK14.CD44.CK5_BM-Her2N75-17-Scene-017_c4_ORG.tif,R3,c4,ORG,BM-Her2N75-17-Scene-017,CD44,/home/groups/graylab_share/OMERO.rdsStore/engje/Data/20191104_ValidationStudies/Images/tiff/BM-Her2N75-17/Registered-R3_pH3.CK14.CD44.CK5_BM-Her2N75-17-Scene-017_c4_ORG.tif,3.0,BM-Her2N75-17-Scene-017,1000.0,BM-Her2N75-17,1500.0,8500.0,2337.3190800544917,809.8975372448662,1500.0,2772.6742329133212,746.7407480711893
/home/groups/graylab_share/OMERO.rdsStore/engje/Data/20191104_ValidationStudies/Images/tiff/BM-Her2N75-18/Registered-R3_pH3.CK14.CD44.CK5_BM-Her2N75-18-Scene-017_c4_ORG.tif,R3,c4,ORG,BM-Her2N75-18-Scene-017,CD44,/home/groups/graylab_share/OMERO.rdsStore/engje/Data/20191104_ValidationStudies/Images/tiff/BM-Her2N75-18/Registered-R3_pH3.CK14.CD44.CK5_BM-Her2N75-18-Scene-017_c4_ORG.tif,3.0,BM-Her2N75-18-Scene-017,1000.0,BM-Her2N75-18,2000.0,15000.0,3604.932120975757,809.0056566883803,2000.0,3509.127098590019,657.7551241715279
/home/groups/graylab_share/OMERO.rdsStore/engje/Data/20191104_ValidationStudies/Images/tiff/BM-Her2N75-15/Registered-R3_pH3.CK14.CD44.CK5_BM-Her2N75-15-Scene-049_c4_ORG.tif,R3,c4,ORG,BM-Her2N75-15-Scene-049,CD44,/home/groups/graylab_share/OMERO.rdsStore/engje/Data/20191104_ValidationStudies/Images/tiff/BM-Her2N75-15/Registered-R3_pH3.CK14.CD44.CK5_BM-Her2N75-15-Scene-049_c4_ORG.tif,3.0,BM-Her2N75-15-Scene-049,1000.0,BM-Her2N75-15,5000.0,40000.0,6570.862711864407,1241.3171851398547,5000.0,6594.686676518952,1237.8778230610706
/home/groups/graylab_share/OMERO.rdsStore/engje/Data/20191104_ValidationStudies/Images/tiff/BM-Her2N75-17/Registered-R3_pH3.CK14.CD44.CK5_BM-Her2N75-17-Scene-049_c4_ORG.tif,R3,c4,ORG,BM-Her2N75-17-Scene-049,CD44,/home/groups/graylab_share/OMERO.rdsStore/engje/Data/20191104_ValidationStudies/Images/tiff/BM-Her2N75-17/Registered-R3_pH3.CK14.CD44.CK5_BM-Her2N75-17-Scene-049_c4_ORG.tif,3.0,BM-Her2N75-17-Scene-049,1000.0,BM-Her2N75-17,1500.0,8500.0,2286.7088212334115,501.53094476177256,1500.0,2116.4899003685,483.1550068284767
/home/groups/graylab_share/OMERO.rdsStore/engje/Data/20191104_ValidationStudies/Images/tiff/BM-Her2N75-18/Registered-R3_pH3.CK14.CD44.CK5_BM-Her2N75-18-Scene-049_c4_ORG.tif,R3,c4,ORG,BM-Her2N75-18-Scene-049,CD44,/home/groups/graylab_share/OMERO.rdsStore/engje/Data/20191104_ValidationStudies/Images/tiff/BM-Her2N75-18/Registered-R3_pH3.CK14.CD44.CK5_BM-Her2N75-18-Scene-049_c4_ORG.tif,3.0,BM-Her2N75-18-Scene-049,1000.0,BM-Her2N75-18,2000.0,15000.0,2396.976,467.9838212929795,2000.0,2577.3087289029536,475.91909295559947
/home/groups/graylab_share/OMERO.rdsStore/engje/Data/20191104_ValidationStudies/Images/tiff/BM-Her2N75-15/Registered-R3_pH3.CK14.CD44.CK5_BM-Her2N75-15-Scene-059_c4_ORG.tif,R3,c4,ORG,BM-Her2N75-15-Scene-059,CD44,/home/groups/graylab_share/OMERO.rdsStore/engje/Data/20191104_ValidationStudies/Images/tiff/BM-Her2N75-15/Registered-R3_pH3.CK14.CD44.CK5_BM-Her2N75-15-Scene-059_c4_ORG.tif,3.0,BM-Her2N75-15-Scene-059,1000.0,BM-Her2N75-15,5000.0,40000.0,8814.562976575207,1493.170816988576,5000.0,8821.387609993744,1644.003012183926
/home/groups/graylab_share/OMERO.rdsStore/engje/Data/20191104_ValidationStudies/Images/tiff/BM-Her2N75-17/Registered-R3_pH3.CK14.CD44.CK5_BM-Her2N75-17-Scene-059_c4_ORG.tif,R3,c4,ORG,BM-Her2N75-17-Scene-059,CD44,/home/groups/graylab_share/OMERO.rdsStore/engje/Data/20191104_ValidationStudies/Images/tiff/BM-Her2N75-17/Registered-R3_pH3.CK14.CD44.CK5_BM-Her2N75-17-Scene-059_c4_ORG.tif,3.0,BM-Her2N75-17-Scene-059,1000.0,BM-Her2N75-17,1500.0,8500.0,2358.917828152246,656.805827068871,1500.0,2413.507738476381,694.864711111231
/home/groups/graylab_share/OMERO.rdsStore/engje/Data/20191104_ValidationStudies/Images/tiff/BM-Her2N75-18/Registered-R3_pH3.CK14.CD44.CK5_BM-Her2N75-18-Scene-059_c4_ORG.tif,R3,c4,ORG,BM-Her2N75-18-Scene-059,CD44,/home/groups/graylab_share/OMERO.rdsStore/engje/Data/20191104_ValidationStudies/Images/tiff/BM-Her2N75-18/Registered-R3_pH3.CK14.CD44.CK5_BM-Her2N75-18-Scene-059_c4_ORG.tif,3.0,BM-Her2N75-18-Scene-059,1000.0,BM-Her2N75-18,2000.0,15000.0,3433.4737274320664,619.3551309175355,2000.0,3586.971030628731,626.9445008372169
/home/groups/graylab_share/OMERO.rdsStore/engje/Data/20191104_ValidationStudies/Images/tiff/BM-Her2N75-15/Registered-R2_PCNA.Her2.ER.CD45_BM-Her2N75-15-Scene-017_c5_ORG.tif,R2,c5,ORG,BM-Her2N75-15-Scene-017,CD45,/home/groups/graylab_share/OMERO.rdsStore/engje/Data/20191104_ValidationStudies/Images/tiff/BM-Her2N75-15/Registered-R2_PCNA.Her2.ER.CD45_BM-Her2N75-15-Scene-017_c5_ORG.tif,2.0,BM-Her2N75-15-Scene-017,2000.0,BM-Her2N75-15,3200.0,30000.0,3662.1311390955934,1512.9221682997006,3200.0,3718.7440106956315,1431.7223927337548
/home/groups/graylab_share/OMERO.rdsStore/engje/Data/20191104_ValidationStudies/Images/tiff/BM-Her2N75-17/Registered-R2_PCNA.Her2.ER.CD45_BM-Her2N75-17-Scene-017_c5_ORG.tif,R2,c5,ORG,BM-Her2N75-17-Scene-017,CD45,/home/groups/graylab_share/OMERO.rdsStore/engje/Data/20191104_ValidationStudies/Images/tiff/BM-Her2N75-17/Registered-R2_PCNA.Her2.ER.CD45_BM-Her2N75-17-Scene-017_c5_ORG.tif,2.0,BM-Her2N75-17-Scene-017,2000.0,BM-Her2N75-17,3800.0,30000.0,4368.226645105113,1745.0411353171296,3800.0,4289.737085741922,1587.7140936383037
/home/groups/graylab_share/OMERO.rdsStore/engje/Data/20191104_ValidationStudies/Images/tiff/BM-Her2N75-18/Registered-R2_PCNA.Her2.ER.CD45_BM-Her2N75-18-Scene-017_c5_ORG.tif,R2,c5,ORG,BM-Her2N75-18-Scene-017,CD45,/home/groups/graylab_share/OMERO.rdsStore/engje/Data/20191104_ValidationStudies/Images/tiff/BM-Her2N75-18/Registered-R2_PCNA.Her2.ER.CD45_BM-Her2N75-18-Scene-017_c5_ORG.tif,2.0,BM-Her2N75-18-Scene-017,2000.0,BM-Her2N75-18,3500.0,30000.0,3969.578318219291,1548.581606361743,3500.0,4068.6347836008213,1438.1045740490251
/home/groups/graylab_share/OMERO.rdsStore/engje/Data/20191104_ValidationStudies/Images/tiff/BM-Her2N75-15/Registered-R2_PCNA.Her2.ER.CD45_BM-Her2N75-15-Scene-049_c5_ORG.tif,R2,c5,ORG,BM-Her2N75-15-Scene-049,CD45,/home/groups/graylab_share/OMERO.rdsStore/engje/Data/20191104_ValidationStudies/Images/tiff/BM-Her2N75-15/Registered-R2_PCNA.Her2.ER.CD45_BM-Her2N75-15-Scene-049_c5_ORG.tif,2.0,BM-Her2N75-15-Scene-049,2000.0,BM-Her2N75-15,3200.0,30000.0,3796.659108183431,1462.8699616717706,3200.0,4043.8204268719724,1365.7824982099341
/home/groups/graylab_share/OMERO.rdsStore/engje/Data/20191104_ValidationStudies/Images/tiff/BM-Her2N75-17/Registered-R2_PCNA.Her2.ER.CD45_BM-Her2N75-17-Scene-049_c5_ORG.tif,R2,c5,ORG,BM-Her2N75-17-Scene-049,CD45,/home/groups/graylab_share/OMERO.rdsStore/engje/Data/20191104_ValidationStudies/Images/tiff/BM-Her2N75-17/Registered-R2_PCNA.Her2.ER.CD45_BM-Her2N75-17-Scene-049_c5_ORG.tif,2.0,BM-Her2N75-17-Scene-049,2000.0,BM-Her2N75-17,3800.0,30000.0,4435.022869727257,1798.3903047255853,3800.0,4499.470783228616,1551.8320662183767
/home/groups/graylab_share/OMERO.rdsStore/engje/Data/20191104_ValidationStudies/Images/tiff/BM-Her2N75-18/Registered-R2_PCNA.Her2.ER.CD45_BM-Her2N75-18-Scene-049_c5_ORG.tif,R2,c5,ORG,BM-Her2N75-18-Scene-049,CD45,/home/groups/graylab_share/OMERO.rdsStore/engje/Data/20191104_ValidationStudies/Images/tiff/BM-Her2N75-18/Registered-R2_PCNA.Her2.ER.CD45_BM-Her2N75-18-Scene-049_c5_ORG.tif,2.0,BM-Her2N75-18-Scene-049,2000.0,BM-Her2N75-18,3500.0,30000.0,4106.758602150538,1449.9695998617779,3500.0,4284.936515778977,1362.552735710598
/home/groups/graylab_share/OMERO.rdsStore/engje/Data/20191104_ValidationStudies/Images/tiff/BM-Her2N75-15/Registered-R2_PCNA.Her2.ER.CD45_BM-Her2N75-15-Scene-059_c5_ORG.tif,R2,c5,ORG,BM-Her2N75-15-Scene-059,CD45,/home/groups/graylab_share/OMERO.rdsStore/engje/Data/20191104_ValidationStudies/Images/tiff/BM-Her2N75-15/Registered-R2_PCNA.Her2.ER.CD45_BM-Her2N75-15-Scene-059_c5_ORG.tif,2.0,BM-Her2N75-15-Scene-059,2000.0,BM-Her2N75-15,3200.0,30000.0,4751.972794771092,1700.1011446773232,3200.0,5535.532921506869,1451.4758967274884
/home/groups/graylab_share/OMERO.rdsStore/engje/Data/20191104_ValidationStudies/Images/tiff/BM-Her2N75-17/Registered-R2_PCNA.Her2.ER.CD45_BM-Her2N75-17-Scene-059_c5_ORG.tif,R2,c5,ORG,BM-Her2N75-17-Scene-059,CD45,/home/groups/graylab_share/OMERO.rdsStore/engje/Data/20191104_ValidationStudies/Images/tiff/BM-Her2N75-17/Registered-R2_PCNA.Her2.ER.CD45_BM-Her2N75-17-Scene-059_c5_ORG.tif,2.0,BM-Her2N75-17-Scene-059,2000.0,BM-Her2N75-17,3800.0,30000.0,5259.858170105988,2121.10840273672,3800.0,5878.6732865422,1707.2914849181338
/home/groups/graylab_share/OMERO.rdsStore/engje/Data/20191104_ValidationStudies/Images/tiff/BM-Her2N75-18/Registered-R2_PCNA.Her2.ER.CD45_BM-Her2N75-18-Scene-059_c5_ORG.tif,R2,c5,ORG,BM-Her2N75-18-Scene-059,CD45,/home/groups/graylab_share/OMERO.rdsStore/engje/Data/20191104_ValidationStudies/Images/tiff/BM-Her2N75-18/Registered-R2_PCNA.Her2.ER.CD45_BM-Her2N75-18-Scene-059_c5_ORG.tif,2.0,BM-Her2N75-18-Scene-059,2000.0,BM-Her2N75-18,3500.0,30000.0,4730.648033924441,1729.876739600455,3500.0,5786.702511600763,1453.4352610793173
/home/groups/graylab_share/OMERO.rdsStore/engje/Data/20191104_ValidationStudies/Images/tiff/BM-Her2N75-15/Registered-R5_aSMA.CD68.Ki67.E-Cad_BM-Her2N75-15-Scene-017_c3_ORG.tif,R5,c3,ORG,BM-Her2N75-15-Scene-017,CD68,/home/groups/graylab_share/OMERO.rdsStore/engje/Data/20191104_ValidationStudies/Images/tiff/BM-Her2N75-15/Registered-R5_aSMA.CD68.Ki67.E-Cad_BM-Her2N75-15-Scene-017_c3_ORG.tif,5.0,BM-Her2N75-15-Scene-017,50.0,BM-Her2N75-15,1000.0,30000.0,2186.738266856728,434.95560280782274,1000.0,1907.3992612127095,357.03441027795725
/home/groups/graylab_share/OMERO.rdsStore/engje/Data/20191104_ValidationStudies/Images/tiff/BM-Her2N75-17/Registered-R5_aSMA.CD68.Ki67.Ecad_BM-Her2N75-17-Scene-017_c3_ORG.tif,R5,c3,ORG,BM-Her2N75-17-Scene-017,CD68,/home/groups/graylab_share/OMERO.rdsStore/engje/Data/20191104_ValidationStudies/Images/tiff/BM-Her2N75-17/Registered-R5_aSMA.CD68.Ki67.Ecad_BM-Her2N75-17-Scene-017_c3_ORG.tif,5.0,BM-Her2N75-17-Scene-017,50.0,BM-Her2N75-17,1500.0,30000.0,3527.664351658372,591.1518903080382,1500.0,2918.3611938079507,477.560812656608
/home/groups/graylab_share/OMERO.rdsStore/engje/Data/20191104_ValidationStudies/Images/tiff/BM-Her2N75-18/Registered-R5_aSMA.CD68.Ki67.E-Cad_BM-Her2N75-18-Scene-017_c3_ORG.tif,R5,c3,ORG,BM-Her2N75-18-Scene-017,CD68,/home/groups/graylab_share/OMERO.rdsStore/engje/Data/20191104_ValidationStudies/Images/tiff/BM-Her2N75-18/Registered-R5_aSMA.CD68.Ki67.E-Cad_BM-Her2N75-18-Scene-017_c3_ORG.tif,5.0,BM-Her2N75-18-Scene-017,50.0,BM-Her2N75-18,1500.0,30000.0,3678.2501401354994,675.8072471998929,1500.0,2990.062494174305,528.9987621804172
/home/groups/graylab_share/OMERO.rdsStore/engje/Data/20191104_ValidationStudies/Images/tiff/BM-Her2N75-15/Registered-R5_aSMA.CD68.Ki67.E-Cad_BM-Her2N75-15-Scene-049_c3_ORG.tif,R5,c3,ORG,BM-Her2N75-15-Scene-049,CD68,/home/groups/graylab_share/OMERO.rdsStore/engje/Data/20191104_ValidationStudies/Images/tiff/BM-Her2N75-15/Registered-R5_aSMA.CD68.Ki67.E-Cad_BM-Her2N75-15-Scene-049_c3_ORG.tif,5.0,BM-Her2N75-15-Scene-049,50.0,BM-Her2N75-15,1000.0,30000.0,2271.59558464791,326.0571559369465,1000.0,2028.0721100627272,287.6264649727854
/home/groups/graylab_share/OMERO.rdsStore/engje/Data/20191104_ValidationStudies/Images/tiff/BM-Her2N75-17/Registered-R5_aSMA.CD68.Ki67.Ecad_BM-Her2N75-17-Scene-049_c3_ORG.tif,R5,c3,ORG,BM-Her2N75-17-Scene-049,CD68,/home/groups/graylab_share/OMERO.rdsStore/engje/Data/20191104_ValidationStudies/Images/tiff/BM-Her2N75-17/Registered-R5_aSMA.CD68.Ki67.Ecad_BM-Her2N75-17-Scene-049_c3_ORG.tif,5.0,BM-Her2N75-17-Scene-049,50.0,BM-Her2N75-17,1500.0,30000.0,2889.269613947696,442.8955562161534,1500.0,2899.1508985820933,377.58827432622365
/home/groups/graylab_share/OMERO.rdsStore/engje/Data/20191104_ValidationStudies/Images/tiff/BM-Her2N75-18/Registered-R5_aSMA.CD68.Ki67.E-Cad_BM-Her2N75-18-Scene-049_c3_ORG.tif,R5,c3,ORG,BM-Her2N75-18-Scene-049,CD68,/home/groups/graylab_share/OMERO.rdsStore/engje/Data/20191104_ValidationStudies/Images/tiff/BM-Her2N75-18/Registered-R5_aSMA.CD68.Ki67.E-Cad_BM-Her2N75-18-Scene-049_c3_ORG.tif,5.0,BM-Her2N75-18-Scene-049,50.0,BM-Her2N75-18,1500.0,30000.0,3341.375352222918,470.4405858086661,1500.0,3136.6645697343424,385.73868390963133
/home/groups/graylab_share/OMERO.rdsStore/engje/Data/20191104_ValidationStudies/Images/tiff/BM-Her2N75-15/Registered-R5_aSMA.CD68.Ki67.E-Cad_BM-Her2N75-15-Scene-059_c3_ORG.tif,R5,c3,ORG,BM-Her2N75-15-Scene-059,CD68,/home/groups/graylab_share/OMERO.rdsStore/engje/Data/20191104_ValidationStudies/Images/tiff/BM-Her2N75-15/Registered-R5_aSMA.CD68.Ki67.E-Cad_BM-Her2N75-15-Scene-059_c3_ORG.tif,5.0,BM-Her2N75-15-Scene-059,50.0,BM-Her2N75-15,1000.0,30000.0,2035.5405117270789,318.0073036695985,1000.0,2478.1586002810222,282.0785106219971
/home/groups/graylab_share/OMERO.rdsStore/engje/Data/20191104_ValidationStudies/Images/tiff/BM-Her2N75-17/Registered-R5_aSMA.CD68.Ki67.Ecad_BM-Her2N75-17-Scene-059_c3_ORG.tif,R5,c3,ORG,BM-Her2N75-17-Scene-059,CD68,/home/groups/graylab_share/OMERO.rdsStore/engje/Data/20191104_ValidationStudies/Images/tiff/BM-Her2N75-17/Registered-R5_aSMA.CD68.Ki67.Ecad_BM-Her2N75-17-Scene-059_c3_ORG.tif,5.0,BM-Her2N75-17-Scene-059,50.0,BM-Her2N75-17,1500.0,30000.0,2420.5176987185228,411.06578846092657,1500.0,3542.9489723701613,368.5275961832198
/home/groups/graylab_share/OMERO.rdsStore/engje/Data/20191104_ValidationStudies/Images/tiff/BM-Her2N75-18/Registered-R5_aSMA.CD68.Ki67.E-Cad_BM-Her2N75-18-Scene-059_c3_ORG.tif,R5,c3,ORG,BM-Her2N75-18-Scene-059,CD68,/home/groups/graylab_share/OMERO.rdsStore/engje/Data/20191104_ValidationStudies/Images/tiff/BM-Her2N75-18/Registered-R5_aSMA.CD68.Ki67.E-Cad_BM-Her2N75-18-Scene-059_c3_ORG.tif,5.0,BM-Her2N75-18-Scene-059,50.0,BM-Her2N75-18,1500.0,30000.0,2498.3349761526238,363.12372441079896,1500.0,4016.3590113303608,344.62637194007027
/home/groups/graylab_share/OMERO.rdsStore/engje/Data/20191104_ValidationStudies/Images/tiff/BM-Her2N75-15/Registered-R1_CD20.CD8.CD4.CK19_BM-Her2N75-15-Scene-017_c3_ORG.tif,R1,c3,ORG,BM-Her2N75-15-Scene-017,CD8,/home/groups/graylab_share/OMERO.rdsStore/engje/Data/20191104_ValidationStudies/Images/tiff/BM-Her2N75-15/Registered-R1_CD20.CD8.CD4.CK19_BM-Her2N75-15-Scene-017_c3_ORG.tif,1.0,BM-Her2N75-15-Scene-017,120.0,BM-Her2N75-15,2700.0,12000.0,3766.066997741234,1661.8398493547809,2700.0,3919.500103012073,1343.316125721347
/home/groups/graylab_share/OMERO.rdsStore/engje/Data/20191104_ValidationStudies/Images/tiff/BM-Her2N75-17/Registered-R1_CD20.CD8.CD4.CK19_BM-Her2N75-17-Scene-017_c3_ORG.tif,R1,c3,ORG,BM-Her2N75-17-Scene-017,CD8,/home/groups/graylab_share/OMERO.rdsStore/engje/Data/20191104_ValidationStudies/Images/tiff/BM-Her2N75-17/Registered-R1_CD20.CD8.CD4.CK19_BM-Her2N75-17-Scene-017_c3_ORG.tif,1.0,BM-Her2N75-17-Scene-017,120.0,BM-Her2N75-17,2500.0,12000.0,3617.6951496754186,1406.6515510855525,2500.0,3681.0484319870266,1075.6212336191998
/home/groups/graylab_share/OMERO.rdsStore/engje/Data/20191104_ValidationStudies/Images/tiff/BM-Her2N75-18/Registered-R1_CD20.CD8.CD4.CK19_BM-Her2N75-18-Scene-017_c3_ORG.tif,R1,c3,ORG,BM-Her2N75-18-Scene-017,CD8,/home/groups/graylab_share/OMERO.rdsStore/engje/Data/20191104_ValidationStudies/Images/tiff/BM-Her2N75-18/Registered-R1_CD20.CD8.CD4.CK19_BM-Her2N75-18-Scene-017_c3_ORG.tif,1.0,BM-Her2N75-18-Scene-017,120.0,BM-Her2N75-18,2500.0,12000.0,3581.321743080282,1348.7303365918294,2500.0,3617.8396514167193,1019.8334644321087
/home/groups/graylab_share/OMERO.rdsStore/engje/Data/20191104_ValidationStudies/Images/tiff/BM-Her2N75-15/Registered-R1_CD20.CD8.CD4.CK19_BM-Her2N75-15-Scene-049_c3_ORG.tif,R1,c3,ORG,BM-Her2N75-15-Scene-049,CD8,/home/groups/graylab_share/OMERO.rdsStore/engje/Data/20191104_ValidationStudies/Images/tiff/BM-Her2N75-15/Registered-R1_CD20.CD8.CD4.CK19_BM-Her2N75-15-Scene-049_c3_ORG.tif,1.0,BM-Her2N75-15-Scene-049,120.0,BM-Her2N75-15,2700.0,12000.0,4087.474152833957,1564.9995278792978,2700.0,4107.211689353196,1189.9226685720275
/home/groups/graylab_share/OMERO.rdsStore/engje/Data/20191104_ValidationStudies/Images/tiff/BM-Her2N75-17/Registered-R1_CD20.CD8.CD4.CK19_BM-Her2N75-17-Scene-049_c3_ORG.tif,R1,c3,ORG,BM-Her2N75-17-Scene-049,CD8,/home/groups/graylab_share/OMERO.rdsStore/engje/Data/20191104_ValidationStudies/Images/tiff/BM-Her2N75-17/Registered-R1_CD20.CD8.CD4.CK19_BM-Her2N75-17-Scene-049_c3_ORG.tif,1.0,BM-Her2N75-17-Scene-049,120.0,BM-Her2N75-17,2500.0,12000.0,4186.900023763927,1316.5729000900794,2500.0,4030.3884478473583,966.0325007950581
/home/groups/graylab_share/OMERO.rdsStore/engje/Data/20191104_ValidationStudies/Images/tiff/BM-Her2N75-18/Registered-R1_CD20.CD8.CD4.CK19_BM-Her2N75-18-Scene-049_c3_ORG.tif,R1,c3,ORG,BM-Her2N75-18-Scene-049,CD8,/home/groups/graylab_share/OMERO.rdsStore/engje/Data/20191104_ValidationStudies/Images/tiff/BM-Her2N75-18/Registered-R1_CD20.CD8.CD4.CK19_BM-Her2N75-18-Scene-049_c3_ORG.tif,1.0,BM-Her2N75-18-Scene-049,120.0,BM-Her2N75-18,2500.0,12000.0,4587.203638805188,1240.8451847170654,2500.0,4194.427729216451,939.6705725238492
/home/groups/graylab_share/OMERO.rdsStore/engje/Data/20191104_ValidationStudies/Images/tiff/BM-Her2N75-15/Registered-R1_CD20.CD8.CD4.CK19_BM-Her2N75-15-Scene-059_c3_ORG.tif,R1,c3,ORG,BM-Her2N75-15-Scene-059,CD8,/home/groups/graylab_share/OMERO.rdsStore/engje/Data/20191104_ValidationStudies/Images/tiff/BM-Her2N75-15/Registered-R1_CD20.CD8.CD4.CK19_BM-Her2N75-15-Scene-059_c3_ORG.tif,1.0,BM-Her2N75-15-Scene-059,120.0,BM-Her2N75-15,2700.0,12000.0,3724.346141893092,1426.4673922977336,2700.0,4374.893898210583,1132.8346799624535
/home/groups/graylab_share/OMERO.rdsStore/engje/Data/20191104_ValidationStudies/Images/tiff/BM-Her2N75-17/Registered-R1_CD20.CD8.CD4.CK19_BM-Her2N75-17-Scene-059_c3_ORG.tif,R1,c3,ORG,BM-Her2N75-17-Scene-059,CD8,/home/groups/graylab_share/OMERO.rdsStore/engje/Data/20191104_ValidationStudies/Images/tiff/BM-Her2N75-17/Registered-R1_CD20.CD8.CD4.CK19_BM-Her2N75-17-Scene-059_c3_ORG.tif,1.0,BM-Her2N75-17-Scene-059,120.0,BM-Her2N75-17,2500.0,12000.0,3580.3381735423277,1187.655575009449,2500.0,4075.354421596006,915.8458465140089
/home/groups/graylab_share/OMERO.rdsStore/engje/Data/20191104_ValidationStudies/Images/tiff/BM-Her2N75-18/Registered-R1_CD20.CD8.CD4.CK19_BM-Her2N75-18-Scene-059_c3_ORG.tif,R1,c3,ORG,BM-Her2N75-18-Scene-059,CD8,/home/groups/graylab_share/OMERO.rdsStore/engje/Data/20191104_ValidationStudies/Images/tiff/BM-Her2N75-18/Registered-R1_CD20.CD8.CD4.CK19_BM-Her2N75-18-Scene-059_c3_ORG.tif,1.0,BM-Her2N75-18-Scene-059,120.0,BM-Her2N75-18,2500.0,12000.0,3443.002682926829,1114.2169426803482,2500.0,4414.161349485235,868.3798862905113
/home/groups/graylab_share/OMERO.rdsStore/engje/Data/20191104_ValidationStudies/Images/tiff/BM-Her2N75-15/Registered-R3_pH3.CK14.CD44.CK5_BM-Her2N75-15-Scene-017_c3_ORG.tif,R3,c3,ORG,BM-Her2N75-15-Scene-017,CK14,/home/groups/graylab_share/OMERO.rdsStore/engje/Data/20191104_ValidationStudies/Images/tiff/BM-Her2N75-15/Registered-R3_pH3.CK14.CD44.CK5_BM-Her2N75-15-Scene-017_c3_ORG.tif,3.0,BM-Her2N75-15-Scene-017,120.0,BM-Her2N75-15,4700.0,65535.0,5107.4674922600625,1504.0293160556562,4700.0,17173.24528123374,1317.2145115574651
/home/groups/graylab_share/OMERO.rdsStore/engje/Data/20191104_ValidationStudies/Images/tiff/BM-Her2N75-17/Registered-R3_pH3.CK14.CD44.CK5_BM-Her2N75-17-Scene-017_c3_ORG.tif,R3,c3,ORG,BM-Her2N75-17-Scene-017,CK14,/home/groups/graylab_share/OMERO.rdsStore/engje/Data/20191104_ValidationStudies/Images/tiff/BM-Her2N75-17/Registered-R3_pH3.CK14.CD44.CK5_BM-Her2N75-17-Scene-017_c3_ORG.tif,3.0,BM-Her2N75-17-Scene-017,120.0,BM-Her2N75-17,2000.0,25000.0,2252.41768707483,525.2325232664135,2000.0,6037.280640352583,471.1905451879551
/home/groups/graylab_share/OMERO.rdsStore/engje/Data/20191104_ValidationStudies/Images/tiff/BM-Her2N75-18/Registered-R3_pH3.CK14.CD44.CK5_BM-Her2N75-18-Scene-017_c3_ORG.tif,R3,c3,ORG,BM-Her2N75-18-Scene-017,CK14,/home/groups/graylab_share/OMERO.rdsStore/engje/Data/20191104_ValidationStudies/Images/tiff/BM-Her2N75-18/Registered-R3_pH3.CK14.CD44.CK5_BM-Her2N75-18-Scene-017_c3_ORG.tif,3.0,BM-Her2N75-18-Scene-017,120.0,BM-Her2N75-18,2000.0,35000.0,2125.0,570.485574838085,2000.0,12758.658583643937,518.3393082215329
/home/groups/graylab_share/OMERO.rdsStore/engje/Data/20191104_ValidationStudies/Images/tiff/BM-Her2N75-15/Registered-R3_pH3.CK14.CD44.CK5_BM-Her2N75-15-Scene-049_c3_ORG.tif,R3,c3,ORG,BM-Her2N75-15-Scene-049,CK14,/home/groups/graylab_share/OMERO.rdsStore/engje/Data/20191104_ValidationStudies/Images/tiff/BM-Her2N75-15/Registered-R3_pH3.CK14.CD44.CK5_BM-Her2N75-15-Scene-049_c3_ORG.tif,3.0,BM-Her2N75-15-Scene-049,120.0,BM-Her2N75-15,4700.0,65535.0,5381.346585117228,1516.6038459064694,4700.0,8118.224322641942,1191.2596939408095
/home/groups/graylab_share/OMERO.rdsStore/engje/Data/20191104_ValidationStudies/Images/tiff/BM-Her2N75-17/Registered-R3_pH3.CK14.CD44.CK5_BM-Her2N75-17-Scene-049_c3_ORG.tif,R3,c3,ORG,BM-Her2N75-17-Scene-049,CK14,/home/groups/graylab_share/OMERO.rdsStore/engje/Data/20191104_ValidationStudies/Images/tiff/BM-Her2N75-17/Registered-R3_pH3.CK14.CD44.CK5_BM-Her2N75-17-Scene-049_c3_ORG.tif,3.0,BM-Her2N75-17-Scene-049,120.0,BM-Her2N75-17,2000.0,25000.0,2151.559288537549,641.2506611849108,2000.0,3529.4107653956235,498.9353964520135
/home/groups/graylab_share/OMERO.rdsStore/engje/Data/20191104_ValidationStudies/Images/tiff/BM-Her2N75-18/Registered-R3_pH3.CK14.CD44.CK5_BM-Her2N75-18-Scene-049_c3_ORG.tif,R3,c3,ORG,BM-Her2N75-18-Scene-049,CK14,/home/groups/graylab_share/OMERO.rdsStore/engje/Data/20191104_ValidationStudies/Images/tiff/BM-Her2N75-18/Registered-R3_pH3.CK14.CD44.CK5_BM-Her2N75-18-Scene-049_c3_ORG.tif,3.0,BM-Her2N75-18-Scene-049,120.0,BM-Her2N75-18,2000.0,35000.0,2267.71875,628.2609853834348,2000.0,3502.6973947006345,507.0430277511013
/home/groups/graylab_share/OMERO.rdsStore/engje/Data/20191104_ValidationStudies/Images/tiff/BM-Her2N75-15/Registered-R3_pH3.CK14.CD44.CK5_BM-Her2N75-15-Scene-059_c3_ORG.tif,R3,c3,ORG,BM-Her2N75-15-Scene-059,CK14,/home/groups/graylab_share/OMERO.rdsStore/engje/Data/20191104_ValidationStudies/Images/tiff/BM-Her2N75-15/Registered-R3_pH3.CK14.CD44.CK5_BM-Her2N75-15-Scene-059_c3_ORG.tif,3.0,BM-Her2N75-15-Scene-059,120.0,BM-Her2N75-15,4700.0,65535.0,20680.153281913645,2043.272918819435,4700.0,22774.81188836024,1582.6877522144052
/home/groups/graylab_share/OMERO.rdsStore/engje/Data/20191104_ValidationStudies/Images/tiff/BM-Her2N75-17/Registered-R3_pH3.CK14.CD44.CK5_BM-Her2N75-17-Scene-059_c3_ORG.tif,R3,c3,ORG,BM-Her2N75-17-Scene-059,CK14,/home/groups/graylab_share/OMERO.rdsStore/engje/Data/20191104_ValidationStudies/Images/tiff/BM-Her2N75-17/Registered-R3_pH3.CK14.CD44.CK5_BM-Her2N75-17-Scene-059_c3_ORG.tif,3.0,BM-Her2N75-17-Scene-059,120.0,BM-Her2N75-17,2000.0,25000.0,6986.878181589932,665.0534512572439,2000.0,7509.104519571329,571.5137364697807
/home/groups/graylab_share/OMERO.rdsStore/engje/Data/20191104_ValidationStudies/Images/tiff/BM-Her2N75-18/Registered-R3_pH3.CK14.CD44.CK5_BM-Her2N75-18-Scene-059_c3_ORG.tif,R3,c3,ORG,BM-Her2N75-18-Scene-059,CK14,/home/groups/graylab_share/OMERO.rdsStore/engje/Data/20191104_ValidationStudies/Images/tiff/BM-Her2N75-18/Registered-R3_pH3.CK14.CD44.CK5_BM-Her2N75-18-Scene-059_c3_ORG.tif,3.0,BM-Her2N75-18-Scene-059,120.0,BM-Her2N75-18,2000.0,35000.0,8859.487632633398,896.2054697417407,2000.0,10614.563899551884,660.3482362479366
/home/groups/graylab_share/OMERO.rdsStore/engje/Data/20191104_ValidationStudies/Images/tiff/BM-Her2N75-15/Registered-R1_CD20.CD8.CD4.CK19_BM-Her2N75-15-Scene-017_c5_ORG.tif,R1,c5,ORG,BM-Her2N75-15-Scene-017,CK19,/home/groups/graylab_share/OMERO.rdsStore/engje/Data/20191104_ValidationStudies/Images/tiff/BM-Her2N75-15/Registered-R1_CD20.CD8.CD4.CK19_BM-Her2N75-15-Scene-017_c5_ORG.tif,1.0,BM-Her2N75-15-Scene-017,1000.0,BM-Her2N75-15,1000.0,50000.0,1859.7743937157047,625.7481061757517,1000.0,2089.4517785086846,635.6819563754623
/home/groups/graylab_share/OMERO.rdsStore/engje/Data/20191104_ValidationStudies/Images/tiff/BM-Her2N75-17/Registered-R1_CD20.CD8.CD4.CK19_BM-Her2N75-17-Scene-017_c5_ORG.tif,R1,c5,ORG,BM-Her2N75-17-Scene-017,CK19,/home/groups/graylab_share/OMERO.rdsStore/engje/Data/20191104_ValidationStudies/Images/tiff/BM-Her2N75-17/Registered-R1_CD20.CD8.CD4.CK19_BM-Her2N75-17-Scene-017_c5_ORG.tif,1.0,BM-Her2N75-17-Scene-017,1000.0,BM-Her2N75-17,1100.0,65535.0,2730.470073394107,654.9665472485982,1100.0,2911.003469536464,645.6198561776943
/home/groups/graylab_share/OMERO.rdsStore/engje/Data/20191104_ValidationStudies/Images/tiff/BM-Her2N75-18/Registered-R1_CD20.CD8.CD4.CK19_BM-Her2N75-18-Scene-017_c5_ORG.tif,R1,c5,ORG,BM-Her2N75-18-Scene-017,CK19,/home/groups/graylab_share/OMERO.rdsStore/engje/Data/20191104_ValidationStudies/Images/tiff/BM-Her2N75-18/Registered-R1_CD20.CD8.CD4.CK19_BM-Her2N75-18-Scene-017_c5_ORG.tif,1.0,BM-Her2N75-18-Scene-017,1000.0,BM-Her2N75-18,1100.0,40000.0,2582.65308846202,625.0511146811507,1100.0,2669.693718107278,628.7524593585304
/home/groups/graylab_share/OMERO.rdsStore/engje/Data/20191104_ValidationStudies/Images/tiff/BM-Her2N75-15/Registered-R1_CD20.CD8.CD4.CK19_BM-Her2N75-15-Scene-049_c5_ORG.tif,R1,c5,ORG,BM-Her2N75-15-Scene-049,CK19,/home/groups/graylab_share/OMERO.rdsStore/engje/Data/20191104_ValidationStudies/Images/tiff/BM-Her2N75-15/Registered-R1_CD20.CD8.CD4.CK19_BM-Her2N75-15-Scene-049_c5_ORG.tif,1.0,BM-Her2N75-15-Scene-049,1000.0,BM-Her2N75-15,1000.0,50000.0,3776.5206989736494,719.0974075207733,1000.0,3586.1247585907554,648.3232257707167
/home/groups/graylab_share/OMERO.rdsStore/engje/Data/20191104_ValidationStudies/Images/tiff/BM-Her2N75-17/Registered-R1_CD20.CD8.CD4.CK19_BM-Her2N75-17-Scene-049_c5_ORG.tif,R1,c5,ORG,BM-Her2N75-17-Scene-049,CK19,/home/groups/graylab_share/OMERO.rdsStore/engje/Data/20191104_ValidationStudies/Images/tiff/BM-Her2N75-17/Registered-R1_CD20.CD8.CD4.CK19_BM-Her2N75-17-Scene-049_c5_ORG.tif,1.0,BM-Her2N75-17-Scene-049,1000.0,BM-Her2N75-17,1100.0,65535.0,4845.78526284419,831.2170990257248,1100.0,4363.170803330701,686.6957661883587
/home/groups/graylab_share/OMERO.rdsStore/engje/Data/20191104_ValidationStudies/Images/tiff/BM-Her2N75-18/Registered-R1_CD20.CD8.CD4.CK19_BM-Her2N75-18-Scene-049_c5_ORG.tif,R1,c5,ORG,BM-Her2N75-18-Scene-049,CK19,/home/groups/graylab_share/OMERO.rdsStore/engje/Data/20191104_ValidationStudies/Images/tiff/BM-Her2N75-18/Registered-R1_CD20.CD8.CD4.CK19_BM-Her2N75-18-Scene-049_c5_ORG.tif,1.0,BM-Her2N75-18-Scene-049,1000.0,BM-Her2N75-18,1100.0,40000.0,4189.915988617871,749.9003056970079,1100.0,3960.901211932357,632.8970901908774
/home/groups/graylab_share/OMERO.rdsStore/engje/Data/20191104_ValidationStudies/Images/tiff/BM-Her2N75-15/Registered-R1_CD20.CD8.CD4.CK19_BM-Her2N75-15-Scene-059_c5_ORG.tif,R1,c5,ORG,BM-Her2N75-15-Scene-059,CK19,/home/groups/graylab_share/OMERO.rdsStore/engje/Data/20191104_ValidationStudies/Images/tiff/BM-Her2N75-15/Registered-R1_CD20.CD8.CD4.CK19_BM-Her2N75-15-Scene-059_c5_ORG.tif,1.0,BM-Her2N75-15-Scene-059,1000.0,BM-Her2N75-15,1000.0,50000.0,7262.015221718878,698.8043340894362,1000.0,6590.998309432008,627.4685844252291
/home/groups/graylab_share/OMERO.rdsStore/engje/Data/20191104_ValidationStudies/Images/tiff/BM-Her2N75-17/Registered-R1_CD20.CD8.CD4.CK19_BM-Her2N75-17-Scene-059_c5_ORG.tif,R1,c5,ORG,BM-Her2N75-17-Scene-059,CK19,/home/groups/graylab_share/OMERO.rdsStore/engje/Data/20191104_ValidationStudies/Images/tiff/BM-Her2N75-17/Registered-R1_CD20.CD8.CD4.CK19_BM-Her2N75-17-Scene-059_c5_ORG.tif,1.0,BM-Her2N75-17-Scene-059,1000.0,BM-Her2N75-17,1100.0,65535.0,9163.335054442288,799.800039583227,1100.0,8563.685167646474,673.0432094902557
/home/groups/graylab_share/OMERO.rdsStore/engje/Data/20191104_ValidationStudies/Images/tiff/BM-Her2N75-18/Registered-R1_CD20.CD8.CD4.CK19_BM-Her2N75-18-Scene-059_c5_ORG.tif,R1,c5,ORG,BM-Her2N75-18-Scene-059,CK19,/home/groups/graylab_share/OMERO.rdsStore/engje/Data/20191104_ValidationStudies/Images/tiff/BM-Her2N75-18/Registered-R1_CD20.CD8.CD4.CK19_BM-Her2N75-18-Scene-059_c5_ORG.tif,1.0,BM-Her2N75-18-Scene-059,1000.0,BM-Her2N75-18,1100.0,40000.0,8237.340787295168,736.0267226569957,1100.0,7100.640274402337,625.2536464377314
/home/groups/graylab_share/OMERO.rdsStore/engje/Data/20191104_ValidationStudies/Images/tiff/BM-Her2N75-15/Registered-R3_pH3.CK14.CD44.CK5_BM-Her2N75-15-Scene-017_c5_ORG.tif,R3,c5,ORG,BM-Her2N75-15-Scene-017,CK5,/home/groups/graylab_share/OMERO.rdsStore/engje/Data/20191104_ValidationStudies/Images/tiff/BM-Her2N75-15/Registered-R3_pH3.CK14.CD44.CK5_BM-Her2N75-15-Scene-017_c5_ORG.tif,3.0,BM-Her2N75-15-Scene-017,750.0,BM-Her2N75-15,3000.0,50000.0,,611.6252668367348,3000.0,10936.738240633767,599.8574064764938
/home/groups/graylab_share/OMERO.rdsStore/engje/Data/20191104_ValidationStudies/Images/tiff/BM-Her2N75-17/Registered-R3_pH3.CK14.CD44.CK5_BM-Her2N75-17-Scene-017_c5_ORG.tif,R3,c5,ORG,BM-Her2N75-17-Scene-017,CK5,/home/groups/graylab_share/OMERO.rdsStore/engje/Data/20191104_ValidationStudies/Images/tiff/BM-Her2N75-17/Registered-R3_pH3.CK14.CD44.CK5_BM-Her2N75-17-Scene-017_c5_ORG.tif,3.0,BM-Her2N75-17-Scene-017,750.0,BM-Her2N75-17,1000.0,25000.0,,362.6603153061225,1000.0,3778.248676056338,357.8044138109435
/home/groups/graylab_share/OMERO.rdsStore/engje/Data/20191104_ValidationStudies/Images/tiff/BM-Her2N75-18/Registered-R3_pH3.CK14.CD44.CK5_BM-Her2N75-18-Scene-017_c5_ORG.tif,R3,c5,ORG,BM-Her2N75-18-Scene-017,CK5,/home/groups/graylab_share/OMERO.rdsStore/engje/Data/20191104_ValidationStudies/Images/tiff/BM-Her2N75-18/Registered-R3_pH3.CK14.CD44.CK5_BM-Her2N75-18-Scene-017_c5_ORG.tif,3.0,BM-Her2N75-18-Scene-017,750.0,BM-Her2N75-18,1000.0,20000.0,1013.6666666666665,339.2412896550352,1000.0,3574.349257245923,338.9986714332331
/home/groups/graylab_share/OMERO.rdsStore/engje/Data/20191104_ValidationStudies/Images/tiff/BM-Her2N75-15/Registered-R3_pH3.CK14.CD44.CK5_BM-Her2N75-15-Scene-049_c5_ORG.tif,R3,c5,ORG,BM-Her2N75-15-Scene-049,CK5,/home/groups/graylab_share/OMERO.rdsStore/engje/Data/20191104_ValidationStudies/Images/tiff/BM-Her2N75-15/Registered-R3_pH3.CK14.CD44.CK5_BM-Her2N75-15-Scene-049_c5_ORG.tif,3.0,BM-Her2N75-15-Scene-049,750.0,BM-Her2N75-15,3000.0,50000.0,,704.6623474489796,3000.0,9606.395437013794,621.7381473914229
/home/groups/graylab_share/OMERO.rdsStore/engje/Data/20191104_ValidationStudies/Images/tiff/BM-Her2N75-17/Registered-R3_pH3.CK14.CD44.CK5_BM-Her2N75-17-Scene-049_c5_ORG.tif,R3,c5,ORG,BM-Her2N75-17-Scene-049,CK5,/home/groups/graylab_share/OMERO.rdsStore/engje/Data/20191104_ValidationStudies/Images/tiff/BM-Her2N75-17/Registered-R3_pH3.CK14.CD44.CK5_BM-Her2N75-17-Scene-049_c5_ORG.tif,3.0,BM-Her2N75-17-Scene-049,750.0,BM-Her2N75-17,1000.0,25000.0,,433.1498454081633,1000.0,3382.7550402516017,378.49670246454116
/home/groups/graylab_share/OMERO.rdsStore/engje/Data/20191104_ValidationStudies/Images/tiff/BM-Her2N75-18/Registered-R3_pH3.CK14.CD44.CK5_BM-Her2N75-18-Scene-049_c5_ORG.tif,R3,c5,ORG,BM-Her2N75-18-Scene-049,CK5,/home/groups/graylab_share/OMERO.rdsStore/engje/Data/20191104_ValidationStudies/Images/tiff/BM-Her2N75-18/Registered-R3_pH3.CK14.CD44.CK5_BM-Her2N75-18-Scene-049_c5_ORG.tif,3.0,BM-Her2N75-18-Scene-049,750.0,BM-Her2N75-18,1000.0,20000.0,,392.51736173469385,1000.0,3073.7544488353255,352.2432953404978
/home/groups/graylab_share/OMERO.rdsStore/engje/Data/20191104_ValidationStudies/Images/tiff/BM-Her2N75-15/Registered-R3_pH3.CK14.CD44.CK5_BM-Her2N75-15-Scene-059_c5_ORG.tif,R3,c5,ORG,BM-Her2N75-15-Scene-059,CK5,/home/groups/graylab_share/OMERO.rdsStore/engje/Data/20191104_ValidationStudies/Images/tiff/BM-Her2N75-15/Registered-R3_pH3.CK14.CD44.CK5_BM-Her2N75-15-Scene-059_c5_ORG.tif,3.0,BM-Her2N75-15-Scene-059,750.0,BM-Her2N75-15,3000.0,50000.0,9832.031626937998,1026.0932142395095,3000.0,9097.792722744987,742.1865831320696
/home/groups/graylab_share/OMERO.rdsStore/engje/Data/20191104_ValidationStudies/Images/tiff/BM-Her2N75-17/Registered-R3_pH3.CK14.CD44.CK5_BM-Her2N75-17-Scene-059_c5_ORG.tif,R3,c5,ORG,BM-Her2N75-17-Scene-059,CK5,/home/groups/graylab_share/OMERO.rdsStore/engje/Data/20191104_ValidationStudies/Images/tiff/BM-Her2N75-17/Registered-R3_pH3.CK14.CD44.CK5_BM-Her2N75-17-Scene-059_c5_ORG.tif,3.0,BM-Her2N75-17-Scene-059,750.0,BM-Her2N75-17,1000.0,25000.0,3630.978418070256,545.0422875876748,1000.0,3408.259119347338,434.7810951369089
/home/groups/graylab_share/OMERO.rdsStore/engje/Data/20191104_ValidationStudies/Images/tiff/BM-Her2N75-18/Registered-R3_pH3.CK14.CD44.CK5_BM-Her2N75-18-Scene-059_c5_ORG.tif,R3,c5,ORG,BM-Her2N75-18-Scene-059,CK5,/home/groups/graylab_share/OMERO.rdsStore/engje/Data/20191104_ValidationStudies/Images/tiff/BM-Her2N75-18/Registered-R3_pH3.CK14.CD44.CK5_BM-Her2N75-18-Scene-059_c5_ORG.tif,3.0,BM-Her2N75-18-Scene-059,750.0,BM-Her2N75-18,1000.0,20000.0,3984.758834224009,510.5095628978076,1000.0,3943.42268434639,396.0230693361328
/home/groups/graylab_share/OMERO.rdsStore/engje/Data/20191104_ValidationStudies/Images/tiff/BM-Her2N75-15/Registered-R4_Vim.CK7.PD1.LaminAC_BM-Her2N75-15-Scene-017_c3_ORG.tif,R4,c3,ORG,BM-Her2N75-15-Scene-017,CK7,/home/groups/graylab_share/OMERO.rdsStore/engje/Data/20191104_ValidationStudies/Images/tiff/BM-Her2N75-15/Registered-R4_Vim.CK7.PD1.LaminAC_BM-Her2N75-15-Scene-017_c3_ORG.tif,4.0,BM-Her2N75-15-Scene-017,35.0,BM-Her2N75-15,1500.0,45000.0,2471.3634025110737,388.63481880839714,1500.0,2785.5902950135214,365.4230834771639
/home/groups/graylab_share/OMERO.rdsStore/engje/Data/20191104_ValidationStudies/Images/tiff/BM-Her2N75-17/Registered-R4_Vim.CK7.PD1.LaminAC_BM-Her2N75-17-Scene-017_c3_ORG.tif,R4,c3,ORG,BM-Her2N75-17-Scene-017,CK7,/home/groups/graylab_share/OMERO.rdsStore/engje/Data/20191104_ValidationStudies/Images/tiff/BM-Her2N75-17/Registered-R4_Vim.CK7.PD1.LaminAC_BM-Her2N75-17-Scene-017_c3_ORG.tif,4.0,BM-Her2N75-17-Scene-017,35.0,BM-Her2N75-17,1500.0,65535.0,4161.548634253823,452.6933286397078,1500.0,4515.518678365884,388.993810518349
/home/groups/graylab_share/OMERO.rdsStore/engje/Data/20191104_ValidationStudies/Images/tiff/BM-Her2N75-18/Registered-R4_Vim.CK7.PD1.LaminAC_BM-Her2N75-18-Scene-017_c3_ORG.tif,R4,c3,ORG,BM-Her2N75-18-Scene-017,CK7,/home/groups/graylab_share/OMERO.rdsStore/engje/Data/20191104_ValidationStudies/Images/tiff/BM-Her2N75-18/Registered-R4_Vim.CK7.PD1.LaminAC_BM-Her2N75-18-Scene-017_c3_ORG.tif,4.0,BM-Her2N75-18-Scene-017,35.0,BM-Her2N75-18,1500.0,65535.0,3620.1322525048336,360.8038887026484,1500.0,4005.06985892082,332.4832084499896
/home/groups/graylab_share/OMERO.rdsStore/engje/Data/20191104_ValidationStudies/Images/tiff/BM-Her2N75-15/Registered-R4_Vim.CK7.PD1.LaminAC_BM-Her2N75-15-Scene-049_c3_ORG.tif,R4,c3,ORG,BM-Her2N75-15-Scene-049,CK7,/home/groups/graylab_share/OMERO.rdsStore/engje/Data/20191104_ValidationStudies/Images/tiff/BM-Her2N75-15/Registered-R4_Vim.CK7.PD1.LaminAC_BM-Her2N75-15-Scene-049_c3_ORG.tif,4.0,BM-Her2N75-15-Scene-049,35.0,BM-Her2N75-15,1500.0,45000.0,4249.913207431755,608.860798238033,1500.0,4165.002329165025,345.1103403723559
/home/groups/graylab_share/OMERO.rdsStore/engje/Data/20191104_ValidationStudies/Images/tiff/BM-Her2N75-17/Registered-R4_Vim.CK7.PD1.LaminAC_BM-Her2N75-17-Scene-049_c3_ORG.tif,R4,c3,ORG,BM-Her2N75-17-Scene-049,CK7,/home/groups/graylab_share/OMERO.rdsStore/engje/Data/20191104_ValidationStudies/Images/tiff/BM-Her2N75-17/Registered-R4_Vim.CK7.PD1.LaminAC_BM-Her2N75-17-Scene-049_c3_ORG.tif,4.0,BM-Her2N75-17-Scene-049,35.0,BM-Her2N75-17,1500.0,65535.0,6766.799894564113,768.2546158475426,1500.0,6171.17467119954,426.1183049602408
/home/groups/graylab_share/OMERO.rdsStore/engje/Data/20191104_ValidationStudies/Images/tiff/BM-Her2N75-18/Registered-R4_Vim.CK7.PD1.LaminAC_BM-Her2N75-18-Scene-049_c3_ORG.tif,R4,c3,ORG,BM-Her2N75-18-Scene-049,CK7,/home/groups/graylab_share/OMERO.rdsStore/engje/Data/20191104_ValidationStudies/Images/tiff/BM-Her2N75-18/Registered-R4_Vim.CK7.PD1.LaminAC_BM-Her2N75-18-Scene-049_c3_ORG.tif,4.0,BM-Her2N75-18-Scene-049,35.0,BM-Her2N75-18,1500.0,65535.0,6538.132761929687,647.273924480063,1500.0,6373.731768020123,364.43647546711185
/home/groups/graylab_share/OMERO.rdsStore/engje/Data/20191104_ValidationStudies/Images/tiff/BM-Her2N75-15/Registered-R4_Vim.CK7.PD1.LaminAC_BM-Her2N75-15-Scene-059_c3_ORG.tif,R4,c3,ORG,BM-Her2N75-15-Scene-059,CK7,/home/groups/graylab_share/OMERO.rdsStore/engje/Data/20191104_ValidationStudies/Images/tiff/BM-Her2N75-15/Registered-R4_Vim.CK7.PD1.LaminAC_BM-Her2N75-15-Scene-059_c3_ORG.tif,4.0,BM-Her2N75-15-Scene-059,35.0,BM-Her2N75-15,1500.0,45000.0,7974.199618072361,403.7618102458263,1500.0,6320.190739078629,256.14799079414894
/home/groups/graylab_share/OMERO.rdsStore/engje/Data/20191104_ValidationStudies/Images/tiff/BM-Her2N75-17/Registered-R4_Vim.CK7.PD1.LaminAC_BM-Her2N75-17-Scene-059_c3_ORG.tif,R4,c3,ORG,BM-Her2N75-17-Scene-059,CK7,/home/groups/graylab_share/OMERO.rdsStore/engje/Data/20191104_ValidationStudies/Images/tiff/BM-Her2N75-17/Registered-R4_Vim.CK7.PD1.LaminAC_BM-Her2N75-17-Scene-059_c3_ORG.tif,4.0,BM-Her2N75-17-Scene-059,35.0,BM-Her2N75-17,1500.0,65535.0,14042.227659621221,508.8916276042481,1500.0,11711.634210202224,320.50181707499104
/home/groups/graylab_share/OMERO.rdsStore/engje/Data/20191104_ValidationStudies/Images/tiff/BM-Her2N75-18/Registered-R4_Vim.CK7.PD1.LaminAC_BM-Her2N75-18-Scene-059_c3_ORG.tif,R4,c3,ORG,BM-Her2N75-18-Scene-059,CK7,/home/groups/graylab_share/OMERO.rdsStore/engje/Data/20191104_ValidationStudies/Images/tiff/BM-Her2N75-18/Registered-R4_Vim.CK7.PD1.LaminAC_BM-Her2N75-18-Scene-059_c3_ORG.tif,4.0,BM-Her2N75-18-Scene-059,35.0,BM-Her2N75-18,1500.0,65535.0,19621.327787473336,542.8102420538189,1500.0,16709.147396628225,327.60443169034363
/home/groups/graylab_share/OMERO.rdsStore/engje/Data/20191104_ValidationStudies/Images/tiff/BM-Her2N75-15/Registered-R2_PCNA.Her2.ER.CD45_BM-Her2N75-15-Scene-017_c4_ORG.tif,R2,c4,ORG,BM-Her2N75-15-Scene-017,ER,/home/groups/graylab_share/OMERO.rdsStore/engje/Data/20191104_ValidationStudies/Images/tiff/BM-Her2N75-15/Registered-R2_PCNA.Her2.ER.CD45_BM-Her2N75-15-Scene-017_c4_ORG.tif,2.0,BM-Her2N75-15-Scene-017,1500.0,BM-Her2N75-15,4000.0,30000.0,9416.987207654516,2071.8805311559727,4000.0,8887.138958767524,1920.987801061845
/home/groups/graylab_share/OMERO.rdsStore/engje/Data/20191104_ValidationStudies/Images/tiff/BM-Her2N75-17/Registered-R2_PCNA.Her2.ER.CD45_BM-Her2N75-17-Scene-017_c4_ORG.tif,R2,c4,ORG,BM-Her2N75-17-Scene-017,ER,/home/groups/graylab_share/OMERO.rdsStore/engje/Data/20191104_ValidationStudies/Images/tiff/BM-Her2N75-17/Registered-R2_PCNA.Her2.ER.CD45_BM-Her2N75-17-Scene-017_c4_ORG.tif,2.0,BM-Her2N75-17-Scene-017,1500.0,BM-Her2N75-17,4000.0,30000.0,9144.531360878438,2176.535847864764,4000.0,8988.568440440136,1962.2858699878627
/home/groups/graylab_share/OMERO.rdsStore/engje/Data/20191104_ValidationStudies/Images/tiff/BM-Her2N75-18/Registered-R2_PCNA.Her2.ER.CD45_BM-Her2N75-18-Scene-017_c4_ORG.tif,R2,c4,ORG,BM-Her2N75-18-Scene-017,ER,/home/groups/graylab_share/OMERO.rdsStore/engje/Data/20191104_ValidationStudies/Images/tiff/BM-Her2N75-18/Registered-R2_PCNA.Her2.ER.CD45_BM-Her2N75-18-Scene-017_c4_ORG.tif,2.0,BM-Her2N75-18-Scene-017,1500.0,BM-Her2N75-18,4000.0,30000.0,9531.558268062065,1885.1783976768813,4000.0,9310.832611907563,1758.9361107033874
/home/groups/graylab_share/OMERO.rdsStore/engje/Data/20191104_ValidationStudies/Images/tiff/BM-Her2N75-15/Registered-R2_PCNA.Her2.ER.CD45_BM-Her2N75-15-Scene-049_c4_ORG.tif,R2,c4,ORG,BM-Her2N75-15-Scene-049,ER,/home/groups/graylab_share/OMERO.rdsStore/engje/Data/20191104_ValidationStudies/Images/tiff/BM-Her2N75-15/Registered-R2_PCNA.Her2.ER.CD45_BM-Her2N75-15-Scene-049_c4_ORG.tif,2.0,BM-Her2N75-15-Scene-049,1500.0,BM-Her2N75-15,4000.0,30000.0,5643.623964743774,2137.5675817875062,4000.0,6408.55037930166,1678.8507710336974
/home/groups/graylab_share/OMERO.rdsStore/engje/Data/20191104_ValidationStudies/Images/tiff/BM-Her2N75-17/Registered-R2_PCNA.Her2.ER.CD45_BM-Her2N75-17-Scene-049_c4_ORG.tif,R2,c4,ORG,BM-Her2N75-17-Scene-049,ER,/home/groups/graylab_share/OMERO.rdsStore/engje/Data/20191104_ValidationStudies/Images/tiff/BM-Her2N75-17/Registered-R2_PCNA.Her2.ER.CD45_BM-Her2N75-17-Scene-049_c4_ORG.tif,2.0,BM-Her2N75-17-Scene-049,1500.0,BM-Her2N75-17,4000.0,30000.0,5727.848719488067,2219.532537878412,4000.0,6361.436495934135,1723.2054532864256
/home/groups/graylab_share/OMERO.rdsStore/engje/Data/20191104_ValidationStudies/Images/tiff/BM-Her2N75-18/Registered-R2_PCNA.Her2.ER.CD45_BM-Her2N75-18-Scene-049_c4_ORG.tif,R2,c4,ORG,BM-Her2N75-18-Scene-049,ER,/home/groups/graylab_share/OMERO.rdsStore/engje/Data/20191104_ValidationStudies/Images/tiff/BM-Her2N75-18/Registered-R2_PCNA.Her2.ER.CD45_BM-Her2N75-18-Scene-049_c4_ORG.tif,2.0,BM-Her2N75-18-Scene-049,1500.0,BM-Her2N75-18,4000.0,30000.0,5964.955251869566,1909.4812838787666,4000.0,6782.2178779396,1556.7682124448768
/home/groups/graylab_share/OMERO.rdsStore/engje/Data/20191104_ValidationStudies/Images/tiff/BM-Her2N75-15/Registered-R2_PCNA.Her2.ER.CD45_BM-Her2N75-15-Scene-059_c4_ORG.tif,R2,c4,ORG,BM-Her2N75-15-Scene-059,ER,/home/groups/graylab_share/OMERO.rdsStore/engje/Data/20191104_ValidationStudies/Images/tiff/BM-Her2N75-15/Registered-R2_PCNA.Her2.ER.CD45_BM-Her2N75-15-Scene-059_c4_ORG.tif,2.0,BM-Her2N75-15-Scene-059,1500.0,BM-Her2N75-15,4000.0,30000.0,4778.336342042755,1774.0813182367942,4000.0,5268.142751529001,1544.9019572467073
/home/groups/graylab_share/OMERO.rdsStore/engje/Data/20191104_ValidationStudies/Images/tiff/BM-Her2N75-17/Registered-R2_PCNA.Her2.ER.CD45_BM-Her2N75-17-Scene-059_c4_ORG.tif,R2,c4,ORG,BM-Her2N75-17-Scene-059,ER,/home/groups/graylab_share/OMERO.rdsStore/engje/Data/20191104_ValidationStudies/Images/tiff/BM-Her2N75-17/Registered-R2_PCNA.Her2.ER.CD45_BM-Her2N75-17-Scene-059_c4_ORG.tif,2.0,BM-Her2N75-17-Scene-059,1500.0,BM-Her2N75-17,4000.0,30000.0,6791.095347501436,1802.523151624189,4000.0,6188.448345035105,1550.7733116699324
/home/groups/graylab_share/OMERO.rdsStore/engje/Data/20191104_ValidationStudies/Images/tiff/BM-Her2N75-18/Registered-R2_PCNA.Her2.ER.CD45_BM-Her2N75-18-Scene-059_c4_ORG.tif,R2,c4,ORG,BM-Her2N75-18-Scene-059,ER,/home/groups/graylab_share/OMERO.rdsStore/engje/Data/20191104_ValidationStudies/Images/tiff/BM-Her2N75-18/Registered-R2_PCNA.Her2.ER.CD45_BM-Her2N75-18-Scene-059_c4_ORG.tif,2.0,BM-Her2N75-18-Scene-059,1500.0,BM-Her2N75-18,4000.0,30000.0,5040.433682911783,1609.7758832951981,4000.0,5283.246364092277,1405.6588029029467
/home/groups/graylab_share/OMERO.rdsStore/engje/Data/20191104_ValidationStudies/Images/tiff/BM-Her2N75-15/Registered-R5_aSMA.CD68.Ki67.E-Cad_BM-Her2N75-15-Scene-017_c5_ORG.tif,R5,c5,ORG,BM-Her2N75-15-Scene-017,Ecad,/home/groups/graylab_share/OMERO.rdsStore/engje/Data/20191104_ValidationStudies/Images/tiff/BM-Her2N75-15/Registered-R5_aSMA.CD68.Ki67.E-Cad_BM-Her2N75-15-Scene-017_c5_ORG.tif,5.0,BM-Her2N75-15-Scene-017,1500.0,BM-Her2N75-15,2500.0,30000.0,3839.2055237236427,1032.539397229633,2500.0,3903.0072019415084,1031.0354931363345
/home/groups/graylab_share/OMERO.rdsStore/engje/Data/20191104_ValidationStudies/Images/tiff/BM-Her2N75-17/Registered-R5_aSMA.CD68.Ki67.Ecad_BM-Her2N75-17-Scene-017_c5_ORG.tif,R5,c5,ORG,BM-Her2N75-17-Scene-017,Ecad,/home/groups/graylab_share/OMERO.rdsStore/engje/Data/20191104_ValidationStudies/Images/tiff/BM-Her2N75-17/Registered-R5_aSMA.CD68.Ki67.Ecad_BM-Her2N75-17-Scene-017_c5_ORG.tif,5.0,BM-Her2N75-17-Scene-017,1500.0,BM-Her2N75-17,3000.0,30000.0,4753.337704397065,1324.7437890335,3000.0,4730.52567184176,1304.2981397664707
/home/groups/graylab_share/OMERO.rdsStore/engje/Data/20191104_ValidationStudies/Images/tiff/BM-Her2N75-18/Registered-R5_aSMA.CD68.Ki67.E-Cad_BM-Her2N75-18-Scene-017_c5_ORG.tif,R5,c5,ORG,BM-Her2N75-18-Scene-017,Ecad,/home/groups/graylab_share/OMERO.rdsStore/engje/Data/20191104_ValidationStudies/Images/tiff/BM-Her2N75-18/Registered-R5_aSMA.CD68.Ki67.E-Cad_BM-Her2N75-18-Scene-017_c5_ORG.tif,5.0,BM-Her2N75-18-Scene-017,1500.0,BM-Her2N75-18,3000.0,40000.0,4096.628774713131,1480.0573791592465,3000.0,4067.3211968297956,1476.1110571259621
/home/groups/graylab_share/OMERO.rdsStore/engje/Data/20191104_ValidationStudies/Images/tiff/BM-Her2N75-15/Registered-R5_aSMA.CD68.Ki67.E-Cad_BM-Her2N75-15-Scene-049_c5_ORG.tif,R5,c5,ORG,BM-Her2N75-15-Scene-049,Ecad,/home/groups/graylab_share/OMERO.rdsStore/engje/Data/20191104_ValidationStudies/Images/tiff/BM-Her2N75-15/Registered-R5_aSMA.CD68.Ki67.E-Cad_BM-Her2N75-15-Scene-049_c5_ORG.tif,5.0,BM-Her2N75-15-Scene-049,1500.0,BM-Her2N75-15,2500.0,30000.0,3501.0193552377,1356.488306523374,2500.0,3463.7539967332423,1013.0090100591361
/home/groups/graylab_share/OMERO.rdsStore/engje/Data/20191104_ValidationStudies/Images/tiff/BM-Her2N75-17/Registered-R5_aSMA.CD68.Ki67.Ecad_BM-Her2N75-17-Scene-049_c5_ORG.tif,R5,c5,ORG,BM-Her2N75-17-Scene-049,Ecad,/home/groups/graylab_share/OMERO.rdsStore/engje/Data/20191104_ValidationStudies/Images/tiff/BM-Her2N75-17/Registered-R5_aSMA.CD68.Ki67.Ecad_BM-Her2N75-17-Scene-049_c5_ORG.tif,5.0,BM-Her2N75-17-Scene-049,1500.0,BM-Her2N75-17,3000.0,30000.0,4142.0144704438035,1715.0361112782964,3000.0,4098.24298635023,1293.894539293871
/home/groups/graylab_share/OMERO.rdsStore/engje/Data/20191104_ValidationStudies/Images/tiff/BM-Her2N75-18/Registered-R5_aSMA.CD68.Ki67.E-Cad_BM-Her2N75-18-Scene-049_c5_ORG.tif,R5,c5,ORG,BM-Her2N75-18-Scene-049,Ecad,/home/groups/graylab_share/OMERO.rdsStore/engje/Data/20191104_ValidationStudies/Images/tiff/BM-Her2N75-18/Registered-R5_aSMA.CD68.Ki67.E-Cad_BM-Her2N75-18-Scene-049_c5_ORG.tif,5.0,BM-Her2N75-18-Scene-049,1500.0,BM-Her2N75-18,3000.0,40000.0,4917.950699733279,1719.5986837652715,3000.0,4843.482003650628,1445.4314856168157
/home/groups/graylab_share/OMERO.rdsStore/engje/Data/20191104_ValidationStudies/Images/tiff/BM-Her2N75-15/Registered-R5_aSMA.CD68.Ki67.E-Cad_BM-Her2N75-15-Scene-059_c5_ORG.tif,R5,c5,ORG,BM-Her2N75-15-Scene-059,Ecad,/home/groups/graylab_share/OMERO.rdsStore/engje/Data/20191104_ValidationStudies/Images/tiff/BM-Her2N75-15/Registered-R5_aSMA.CD68.Ki67.E-Cad_BM-Her2N75-15-Scene-059_c5_ORG.tif,5.0,BM-Her2N75-15-Scene-059,1500.0,BM-Her2N75-15,2500.0,30000.0,4973.50020338061,1261.3639683811166,2500.0,5134.963218001052,986.223943683666
/home/groups/graylab_share/OMERO.rdsStore/engje/Data/20191104_ValidationStudies/Images/tiff/BM-Her2N75-17/Registered-R5_aSMA.CD68.Ki67.Ecad_BM-Her2N75-17-Scene-059_c5_ORG.tif,R5,c5,ORG,BM-Her2N75-17-Scene-059,Ecad,/home/groups/graylab_share/OMERO.rdsStore/engje/Data/20191104_ValidationStudies/Images/tiff/BM-Her2N75-17/Registered-R5_aSMA.CD68.Ki67.Ecad_BM-Her2N75-17-Scene-059_c5_ORG.tif,5.0,BM-Her2N75-17-Scene-059,1500.0,BM-Her2N75-17,3000.0,30000.0,6150.848901800827,1526.9528193083654,3000.0,6476.196316294642,1255.1157617117522
/home/groups/graylab_share/OMERO.rdsStore/engje/Data/20191104_ValidationStudies/Images/tiff/BM-Her2N75-18/Registered-R5_aSMA.CD68.Ki67.E-Cad_BM-Her2N75-18-Scene-059_c5_ORG.tif,R5,c5,ORG,BM-Her2N75-18-Scene-059,Ecad,/home/groups/graylab_share/OMERO.rdsStore/engje/Data/20191104_ValidationStudies/Images/tiff/BM-Her2N75-18/Registered-R5_aSMA.CD68.Ki67.E-Cad_BM-Her2N75-18-Scene-059_c5_ORG.tif,5.0,BM-Her2N75-18-Scene-059,1500.0,BM-Her2N75-18,3000.0,40000.0,6791.3246949314025,1630.158625417912,3000.0,6975.697214200939,1450.6702334125266
/home/groups/graylab_share/OMERO.rdsStore/engje/Data/20191104_ValidationStudies/Images/tiff/BM-Her2N75-15/Registered-R2_PCNA.Her2.ER.CD45_BM-Her2N75-15-Scene-017_c3_ORG.tif,R2,c3,ORG,BM-Her2N75-15-Scene-017,Her2,/home/groups/graylab_share/OMERO.rdsStore/engje/Data/20191104_ValidationStudies/Images/tiff/BM-Her2N75-15/Registered-R2_PCNA.Her2.ER.CD45_BM-Her2N75-15-Scene-017_c3_ORG.tif,2.0,BM-Her2N75-15-Scene-017,60.0,BM-Her2N75-15,3200.0,30000.0,4023.381071558057,1974.5711357987118,3200.0,4326.984733246626,1577.4940429542294
/home/groups/graylab_share/OMERO.rdsStore/engje/Data/20191104_ValidationStudies/Images/tiff/BM-Her2N75-17/Registered-R2_PCNA.Her2.ER.CD45_BM-Her2N75-17-Scene-017_c3_ORG.tif,R2,c3,ORG,BM-Her2N75-17-Scene-017,Her2,/home/groups/graylab_share/OMERO.rdsStore/engje/Data/20191104_ValidationStudies/Images/tiff/BM-Her2N75-17/Registered-R2_PCNA.Her2.ER.CD45_BM-Her2N75-17-Scene-017_c3_ORG.tif,2.0,BM-Her2N75-17-Scene-017,60.0,BM-Her2N75-17,3700.0,30000.0,4874.949924177689,2292.917768959165,3700.0,5121.529203732656,1817.7938678355308
/home/groups/graylab_share/OMERO.rdsStore/engje/Data/20191104_ValidationStudies/Images/tiff/BM-Her2N75-18/Registered-R2_PCNA.Her2.ER.CD45_BM-Her2N75-18-Scene-017_c3_ORG.tif,R2,c3,ORG,BM-Her2N75-18-Scene-017,Her2,/home/groups/graylab_share/OMERO.rdsStore/engje/Data/20191104_ValidationStudies/Images/tiff/BM-Her2N75-18/Registered-R2_PCNA.Her2.ER.CD45_BM-Her2N75-18-Scene-017_c3_ORG.tif,2.0,BM-Her2N75-18-Scene-017,60.0,BM-Her2N75-18,3000.0,30000.0,3992.589512851743,1684.287525241128,3000.0,4041.016854426637,1390.8824123716443
/home/groups/graylab_share/OMERO.rdsStore/engje/Data/20191104_ValidationStudies/Images/tiff/BM-Her2N75-15/Registered-R2_PCNA.Her2.ER.CD45_BM-Her2N75-15-Scene-049_c3_ORG.tif,R2,c3,ORG,BM-Her2N75-15-Scene-049,Her2,/home/groups/graylab_share/OMERO.rdsStore/engje/Data/20191104_ValidationStudies/Images/tiff/BM-Her2N75-15/Registered-R2_PCNA.Her2.ER.CD45_BM-Her2N75-15-Scene-049_c3_ORG.tif,2.0,BM-Her2N75-15-Scene-049,60.0,BM-Her2N75-15,3200.0,30000.0,4373.091096319877,1831.0310270593548,3200.0,4201.366048468945,1420.154556977728
/home/groups/graylab_share/OMERO.rdsStore/engje/Data/20191104_ValidationStudies/Images/tiff/BM-Her2N75-17/Registered-R2_PCNA.Her2.ER.CD45_BM-Her2N75-17-Scene-049_c3_ORG.tif,R2,c3,ORG,BM-Her2N75-17-Scene-049,Her2,/home/groups/graylab_share/OMERO.rdsStore/engje/Data/20191104_ValidationStudies/Images/tiff/BM-Her2N75-17/Registered-R2_PCNA.Her2.ER.CD45_BM-Her2N75-17-Scene-049_c3_ORG.tif,2.0,BM-Her2N75-17-Scene-049,60.0,BM-Her2N75-17,3700.0,30000.0,4558.530320650734,2215.516615316368,3700.0,4759.422734797989,1677.4905627890857
/home/groups/graylab_share/OMERO.rdsStore/engje/Data/20191104_ValidationStudies/Images/tiff/BM-Her2N75-18/Registered-R2_PCNA.Her2.ER.CD45_BM-Her2N75-18-Scene-049_c3_ORG.tif,R2,c3,ORG,BM-Her2N75-18-Scene-049,Her2,/home/groups/graylab_share/OMERO.rdsStore/engje/Data/20191104_ValidationStudies/Images/tiff/BM-Her2N75-18/Registered-R2_PCNA.Her2.ER.CD45_BM-Her2N75-18-Scene-049_c3_ORG.tif,2.0,BM-Her2N75-18-Scene-049,60.0,BM-Her2N75-18,3000.0,30000.0,4082.798813041,1651.9683741151687,3000.0,3958.181951156343,1245.2400999635229
/home/groups/graylab_share/OMERO.rdsStore/engje/Data/20191104_ValidationStudies/Images/tiff/BM-Her2N75-15/Registered-R2_PCNA.Her2.ER.CD45_BM-Her2N75-15-Scene-059_c3_ORG.tif,R2,c3,ORG,BM-Her2N75-15-Scene-059,Her2,/home/groups/graylab_share/OMERO.rdsStore/engje/Data/20191104_ValidationStudies/Images/tiff/BM-Her2N75-15/Registered-R2_PCNA.Her2.ER.CD45_BM-Her2N75-15-Scene-059_c3_ORG.tif,2.0,BM-Her2N75-15-Scene-059,60.0,BM-Her2N75-15,3200.0,30000.0,6226.44587043177,1448.4155463927764,3200.0,5709.33382957692,1468.0961596531795
/home/groups/graylab_share/OMERO.rdsStore/engje/Data/20191104_ValidationStudies/Images/tiff/BM-Her2N75-17/Registered-R2_PCNA.Her2.ER.CD45_BM-Her2N75-17-Scene-059_c3_ORG.tif,R2,c3,ORG,BM-Her2N75-17-Scene-059,Her2,/home/groups/graylab_share/OMERO.rdsStore/engje/Data/20191104_ValidationStudies/Images/tiff/BM-Her2N75-17/Registered-R2_PCNA.Her2.ER.CD45_BM-Her2N75-17-Scene-059_c3_ORG.tif,2.0,BM-Her2N75-17-Scene-059,60.0,BM-Her2N75-17,3700.0,30000.0,6453.999937575592,1689.650840088777,3700.0,5848.0847847427,1646.048112555645
/home/groups/graylab_share/OMERO.rdsStore/engje/Data/20191104_ValidationStudies/Images/tiff/BM-Her2N75-18/Registered-R2_PCNA.Her2.ER.CD45_BM-Her2N75-18-Scene-059_c3_ORG.tif,R2,c3,ORG,BM-Her2N75-18-Scene-059,Her2,/home/groups/graylab_share/OMERO.rdsStore/engje/Data/20191104_ValidationStudies/Images/tiff/BM-Her2N75-18/Registered-R2_PCNA.Her2.ER.CD45_BM-Her2N75-18-Scene-059_c3_ORG.tif,2.0,BM-Her2N75-18-Scene-059,60.0,BM-Her2N75-18,3000.0,30000.0,5809.463656361615,1359.5147752426233,3000.0,5415.701883817861,1170.0046976568426
/home/groups/graylab_share/OMERO.rdsStore/engje/Data/20191104_ValidationStudies/Images/tiff/BM-Her2N75-15/Registered-R5_aSMA.CD68.Ki67.E-Cad_BM-Her2N75-15-Scene-017_c4_ORG.tif,R5,c4,ORG,BM-Her2N75-15-Scene-017,Ki67,/home/groups/graylab_share/OMERO.rdsStore/engje/Data/20191104_ValidationStudies/Images/tiff/BM-Her2N75-15/Registered-R5_aSMA.CD68.Ki67.E-Cad_BM-Her2N75-15-Scene-017_c4_ORG.tif,5.0,BM-Her2N75-15-Scene-017,300.0,BM-Her2N75-15,1500.0,50000.0,4800.1481583721115,390.8169590821618,1500.0,4900.641938550392,393.23205009643283
/home/groups/graylab_share/OMERO.rdsStore/engje/Data/20191104_ValidationStudies/Images/tiff/BM-Her2N75-17/Registered-R5_aSMA.CD68.Ki67.Ecad_BM-Her2N75-17-Scene-017_c4_ORG.tif,R5,c4,ORG,BM-Her2N75-17-Scene-017,Ki67,/home/groups/graylab_share/OMERO.rdsStore/engje/Data/20191104_ValidationStudies/Images/tiff/BM-Her2N75-17/Registered-R5_aSMA.CD68.Ki67.Ecad_BM-Her2N75-17-Scene-017_c4_ORG.tif,5.0,BM-Her2N75-17-Scene-017,300.0,BM-Her2N75-17,1600.0,50000.0,6698.525308556372,593.9991641919374,1600.0,6481.933258503432,578.6230417348999
/home/groups/graylab_share/OMERO.rdsStore/engje/Data/20191104_ValidationStudies/Images/tiff/BM-Her2N75-18/Registered-R5_aSMA.CD68.Ki67.E-Cad_BM-Her2N75-18-Scene-017_c4_ORG.tif,R5,c4,ORG,BM-Her2N75-18-Scene-017,Ki67,/home/groups/graylab_share/OMERO.rdsStore/engje/Data/20191104_ValidationStudies/Images/tiff/BM-Her2N75-18/Registered-R5_aSMA.CD68.Ki67.E-Cad_BM-Her2N75-18-Scene-017_c4_ORG.tif,5.0,BM-Her2N75-18-Scene-017,300.0,BM-Her2N75-18,1600.0,50000.0,5927.096435115239,591.0458012140731,1600.0,5998.861957524304,583.8923438823157
/home/groups/graylab_share/OMERO.rdsStore/engje/Data/20191104_ValidationStudies/Images/tiff/BM-Her2N75-15/Registered-R5_aSMA.CD68.Ki67.E-Cad_BM-Her2N75-15-Scene-049_c4_ORG.tif,R5,c4,ORG,BM-Her2N75-15-Scene-049,Ki67,/home/groups/graylab_share/OMERO.rdsStore/engje/Data/20191104_ValidationStudies/Images/tiff/BM-Her2N75-15/Registered-R5_aSMA.CD68.Ki67.E-Cad_BM-Her2N75-15-Scene-049_c4_ORG.tif,5.0,BM-Her2N75-15-Scene-049,300.0,BM-Her2N75-15,1500.0,50000.0,4221.395756121885,491.1379328237837,1500.0,4340.668836329551,399.8021223141318
/home/groups/graylab_share/OMERO.rdsStore/engje/Data/20191104_ValidationStudies/Images/tiff/BM-Her2N75-17/Registered-R5_aSMA.CD68.Ki67.Ecad_BM-Her2N75-17-Scene-049_c4_ORG.tif,R5,c4,ORG,BM-Her2N75-17-Scene-049,Ki67,/home/groups/graylab_share/OMERO.rdsStore/engje/Data/20191104_ValidationStudies/Images/tiff/BM-Her2N75-17/Registered-R5_aSMA.CD68.Ki67.Ecad_BM-Her2N75-17-Scene-049_c4_ORG.tif,5.0,BM-Her2N75-17-Scene-049,300.0,BM-Her2N75-17,1600.0,50000.0,5026.79686378697,705.5813085193315,1600.0,5372.851553841504,582.8192599264822
/home/groups/graylab_share/OMERO.rdsStore/engje/Data/20191104_ValidationStudies/Images/tiff/BM-Her2N75-18/Registered-R5_aSMA.CD68.Ki67.E-Cad_BM-Her2N75-18-Scene-049_c4_ORG.tif,R5,c4,ORG,BM-Her2N75-18-Scene-049,Ki67,/home/groups/graylab_share/OMERO.rdsStore/engje/Data/20191104_ValidationStudies/Images/tiff/BM-Her2N75-18/Registered-R5_aSMA.CD68.Ki67.E-Cad_BM-Her2N75-18-Scene-049_c4_ORG.tif,5.0,BM-Her2N75-18-Scene-049,300.0,BM-Her2N75-18,1600.0,50000.0,5726.8024320481545,746.224780176668,1600.0,5698.20808176681,630.8070399167874
/home/groups/graylab_share/OMERO.rdsStore/engje/Data/20191104_ValidationStudies/Images/tiff/BM-Her2N75-15/Registered-R5_aSMA.CD68.Ki67.E-Cad_BM-Her2N75-15-Scene-059_c4_ORG.tif,R5,c4,ORG,BM-Her2N75-15-Scene-059,Ki67,/home/groups/graylab_share/OMERO.rdsStore/engje/Data/20191104_ValidationStudies/Images/tiff/BM-Her2N75-15/Registered-R5_aSMA.CD68.Ki67.E-Cad_BM-Her2N75-15-Scene-059_c4_ORG.tif,5.0,BM-Her2N75-15-Scene-059,300.0,BM-Her2N75-15,1500.0,50000.0,5036.0264463347585,468.39166976506436,1500.0,4676.499184011813,381.37832157532745
/home/groups/graylab_share/OMERO.rdsStore/engje/Data/20191104_ValidationStudies/Images/tiff/BM-Her2N75-17/Registered-R5_aSMA.CD68.Ki67.Ecad_BM-Her2N75-17-Scene-059_c4_ORG.tif,R5,c4,ORG,BM-Her2N75-17-Scene-059,Ki67,/home/groups/graylab_share/OMERO.rdsStore/engje/Data/20191104_ValidationStudies/Images/tiff/BM-Her2N75-17/Registered-R5_aSMA.CD68.Ki67.Ecad_BM-Her2N75-17-Scene-059_c4_ORG.tif,5.0,BM-Her2N75-17-Scene-059,300.0,BM-Her2N75-17,1600.0,50000.0,6301.763241943362,650.8118169279388,1600.0,6014.044975121382,559.5752388202413
/home/groups/graylab_share/OMERO.rdsStore/engje/Data/20191104_ValidationStudies/Images/tiff/BM-Her2N75-18/Registered-R5_aSMA.CD68.Ki67.E-Cad_BM-Her2N75-18-Scene-059_c4_ORG.tif,R5,c4,ORG,BM-Her2N75-18-Scene-059,Ki67,/home/groups/graylab_share/OMERO.rdsStore/engje/Data/20191104_ValidationStudies/Images/tiff/BM-Her2N75-18/Registered-R5_aSMA.CD68.Ki67.E-Cad_BM-Her2N75-18-Scene-059_c4_ORG.tif,5.0,BM-Her2N75-18-Scene-059,300.0,BM-Her2N75-18,1600.0,50000.0,5609.302890668071,627.4126784160138,1600.0,5965.849338287292,581.4698689874821
/home/groups/graylab_share/OMERO.rdsStore/engje/Data/20191104_ValidationStudies/Images/tiff/BM-Her2N75-15/Registered-R4_Vim.CK7.PD1.LaminAC_BM-Her2N75-15-Scene-017_c5_ORG.tif,R4,c5,ORG,BM-Her2N75-15-Scene-017,LaminAC,/home/groups/graylab_share/OMERO.rdsStore/engje/Data/20191104_ValidationStudies/Images/tiff/BM-Her2N75-15/Registered-R4_Vim.CK7.PD1.LaminAC_BM-Her2N75-15-Scene-017_c5_ORG.tif,4.0,BM-Her2N75-15-Scene-017,1500.0,BM-Her2N75-15,1500.0,35000.0,2474.2356134310376,1159.0138418581605,1500.0,2500.340476993027,1095.894216429011
/home/groups/graylab_share/OMERO.rdsStore/engje/Data/20191104_ValidationStudies/Images/tiff/BM-Her2N75-17/Registered-R4_Vim.CK7.PD1.LaminAC_BM-Her2N75-17-Scene-017_c5_ORG.tif,R4,c5,ORG,BM-Her2N75-17-Scene-017,LaminAC,/home/groups/graylab_share/OMERO.rdsStore/engje/Data/20191104_ValidationStudies/Images/tiff/BM-Her2N75-17/Registered-R4_Vim.CK7.PD1.LaminAC_BM-Her2N75-17-Scene-017_c5_ORG.tif,4.0,BM-Her2N75-17-Scene-017,1500.0,BM-Her2N75-17,1500.0,35000.0,2707.567844204149,1204.3721362734716,1500.0,2659.4512700876166,1096.831630649103
/home/groups/graylab_share/OMERO.rdsStore/engje/Data/20191104_ValidationStudies/Images/tiff/BM-Her2N75-18/Registered-R4_Vim.CK7.PD1.LaminAC_BM-Her2N75-18-Scene-017_c5_ORG.tif,R4,c5,ORG,BM-Her2N75-18-Scene-017,LaminAC,/home/groups/graylab_share/OMERO.rdsStore/engje/Data/20191104_ValidationStudies/Images/tiff/BM-Her2N75-18/Registered-R4_Vim.CK7.PD1.LaminAC_BM-Her2N75-18-Scene-017_c5_ORG.tif,4.0,BM-Her2N75-18-Scene-017,1500.0,BM-Her2N75-18,1500.0,35000.0,2668.3026386846177,1175.0132516447725,1500.0,2670.9973373349285,1058.2909150920377
/home/groups/graylab_share/OMERO.rdsStore/engje/Data/20191104_ValidationStudies/Images/tiff/BM-Her2N75-15/Registered-R4_Vim.CK7.PD1.LaminAC_BM-Her2N75-15-Scene-049_c5_ORG.tif,R4,c5,ORG,BM-Her2N75-15-Scene-049,LaminAC,/home/groups/graylab_share/OMERO.rdsStore/engje/Data/20191104_ValidationStudies/Images/tiff/BM-Her2N75-15/Registered-R4_Vim.CK7.PD1.LaminAC_BM-Her2N75-15-Scene-049_c5_ORG.tif,4.0,BM-Her2N75-15-Scene-049,1500.0,BM-Her2N75-15,1500.0,35000.0,2253.7441834941683,1157.6004233399585,1500.0,2444.5329006739216,1017.3094057205852
/home/groups/graylab_share/OMERO.rdsStore/engje/Data/20191104_ValidationStudies/Images/tiff/BM-Her2N75-17/Registered-R4_Vim.CK7.PD1.LaminAC_BM-Her2N75-17-Scene-049_c5_ORG.tif,R4,c5,ORG,BM-Her2N75-17-Scene-049,LaminAC,/home/groups/graylab_share/OMERO.rdsStore/engje/Data/20191104_ValidationStudies/Images/tiff/BM-Her2N75-17/Registered-R4_Vim.CK7.PD1.LaminAC_BM-Her2N75-17-Scene-049_c5_ORG.tif,4.0,BM-Her2N75-17-Scene-049,1500.0,BM-Her2N75-17,1500.0,35000.0,2409.2009761699687,1174.7193078942971,1500.0,2549.6215901883584,1028.3333812671071
/home/groups/graylab_share/OMERO.rdsStore/engje/Data/20191104_ValidationStudies/Images/tiff/BM-Her2N75-18/Registered-R4_Vim.CK7.PD1.LaminAC_BM-Her2N75-18-Scene-049_c5_ORG.tif,R4,c5,ORG,BM-Her2N75-18-Scene-049,LaminAC,/home/groups/graylab_share/OMERO.rdsStore/engje/Data/20191104_ValidationStudies/Images/tiff/BM-Her2N75-18/Registered-R4_Vim.CK7.PD1.LaminAC_BM-Her2N75-18-Scene-049_c5_ORG.tif,4.0,BM-Her2N75-18-Scene-049,1500.0,BM-Her2N75-18,1500.0,35000.0,2358.764686499097,1127.77025635643,1500.0,2566.266068579941,990.5693934860052
/home/groups/graylab_share/OMERO.rdsStore/engje/Data/20191104_ValidationStudies/Images/tiff/BM-Her2N75-15/Registered-R4_Vim.CK7.PD1.LaminAC_BM-Her2N75-15-Scene-059_c5_ORG.tif,R4,c5,ORG,BM-Her2N75-15-Scene-059,LaminAC,/home/groups/graylab_share/OMERO.rdsStore/engje/Data/20191104_ValidationStudies/Images/tiff/BM-Her2N75-15/Registered-R4_Vim.CK7.PD1.LaminAC_BM-Her2N75-15-Scene-059_c5_ORG.tif,4.0,BM-Her2N75-15-Scene-059,1500.0,BM-Her2N75-15,1500.0,35000.0,3118.823671700569,1135.9081534379754,1500.0,3287.0129403595047,1081.5847082503212
/home/groups/graylab_share/OMERO.rdsStore/engje/Data/20191104_ValidationStudies/Images/tiff/BM-Her2N75-17/Registered-R4_Vim.CK7.PD1.LaminAC_BM-Her2N75-17-Scene-059_c5_ORG.tif,R4,c5,ORG,BM-Her2N75-17-Scene-059,LaminAC,/home/groups/graylab_share/OMERO.rdsStore/engje/Data/20191104_ValidationStudies/Images/tiff/BM-Her2N75-17/Registered-R4_Vim.CK7.PD1.LaminAC_BM-Her2N75-17-Scene-059_c5_ORG.tif,4.0,BM-Her2N75-17-Scene-059,1500.0,BM-Her2N75-17,1500.0,35000.0,3426.378857506581,1148.471544855279,1500.0,3518.5324265911268,1104.0268616403828
/home/groups/graylab_share/OMERO.rdsStore/engje/Data/20191104_ValidationStudies/Images/tiff/BM-Her2N75-18/Registered-R4_Vim.CK7.PD1.LaminAC_BM-Her2N75-18-Scene-059_c5_ORG.tif,R4,c5,ORG,BM-Her2N75-18-Scene-059,LaminAC,/home/groups/graylab_share/OMERO.rdsStore/engje/Data/20191104_ValidationStudies/Images/tiff/BM-Her2N75-18/Registered-R4_Vim.CK7.PD1.LaminAC_BM-Her2N75-18-Scene-059_c5_ORG.tif,4.0,BM-Her2N75-18-Scene-059,1500.0,BM-Her2N75-18,1500.0,35000.0,3257.7592342637736,1161.2979840174355,1500.0,3468.3334161357966,1028.3590055394147
/home/groups/graylab_share/OMERO.rdsStore/engje/Data/20191104_ValidationStudies/Images/tiff/BM-Her2N75-15/Registered-R2_PCNA.Her2.ER.CD45_BM-Her2N75-15-Scene-017_c2_ORG.tif,R2,c2,ORG,BM-Her2N75-15-Scene-017,PCNA,/home/groups/graylab_share/OMERO.rdsStore/engje/Data/20191104_ValidationStudies/Images/tiff/BM-Her2N75-15/Registered-R2_PCNA.Her2.ER.CD45_BM-Her2N75-15-Scene-017_c2_ORG.tif,2.0,BM-Her2N75-15-Scene-017,80.0,BM-Her2N75-15,3000.0,15000.0,4222.442866082603,1540.6672228564435,3000.0,4290.231204645994,1322.1739975469059
/home/groups/graylab_share/OMERO.rdsStore/engje/Data/20191104_ValidationStudies/Images/tiff/BM-Her2N75-17/Registered-R2_PCNA.Her2.ER.CD45_BM-Her2N75-17-Scene-017_c2_ORG.tif,R2,c2,ORG,BM-Her2N75-17-Scene-017,PCNA,/home/groups/graylab_share/OMERO.rdsStore/engje/Data/20191104_ValidationStudies/Images/tiff/BM-Her2N75-17/Registered-R2_PCNA.Her2.ER.CD45_BM-Her2N75-17-Scene-017_c2_ORG.tif,2.0,BM-Her2N75-17-Scene-017,80.0,BM-Her2N75-17,3500.0,20000.0,5219.71746384872,1675.3373385087114,3500.0,5180.700046811907,1359.7661599297248
/home/groups/graylab_share/OMERO.rdsStore/engje/Data/20191104_ValidationStudies/Images/tiff/BM-Her2N75-18/Registered-R2_PCNA.Her2.ER.CD45_BM-Her2N75-18-Scene-017_c2_ORG.tif,R2,c2,ORG,BM-Her2N75-18-Scene-017,PCNA,/home/groups/graylab_share/OMERO.rdsStore/engje/Data/20191104_ValidationStudies/Images/tiff/BM-Her2N75-18/Registered-R2_PCNA.Her2.ER.CD45_BM-Her2N75-18-Scene-017_c2_ORG.tif,2.0,BM-Her2N75-18-Scene-017,80.0,BM-Her2N75-18,2400.0,10000.0,3261.9810099167908,1330.1012443320835,2400.0,3473.1721179576994,1074.1723675356748
/home/groups/graylab_share/OMERO.rdsStore/engje/Data/20191104_ValidationStudies/Images/tiff/BM-Her2N75-15/Registered-R2_PCNA.Her2.ER.CD45_BM-Her2N75-15-Scene-049_c2_ORG.tif,R2,c2,ORG,BM-Her2N75-15-Scene-049,PCNA,/home/groups/graylab_share/OMERO.rdsStore/engje/Data/20191104_ValidationStudies/Images/tiff/BM-Her2N75-15/Registered-R2_PCNA.Her2.ER.CD45_BM-Her2N75-15-Scene-049_c2_ORG.tif,2.0,BM-Her2N75-15-Scene-049,80.0,BM-Her2N75-15,3000.0,15000.0,3916.217452532414,1648.2899063438265,3000.0,4174.752124474069,1216.1116716232368
/home/groups/graylab_share/OMERO.rdsStore/engje/Data/20191104_ValidationStudies/Images/tiff/BM-Her2N75-17/Registered-R2_PCNA.Her2.ER.CD45_BM-Her2N75-17-Scene-049_c2_ORG.tif,R2,c2,ORG,BM-Her2N75-17-Scene-049,PCNA,/home/groups/graylab_share/OMERO.rdsStore/engje/Data/20191104_ValidationStudies/Images/tiff/BM-Her2N75-17/Registered-R2_PCNA.Her2.ER.CD45_BM-Her2N75-17-Scene-049_c2_ORG.tif,2.0,BM-Her2N75-17-Scene-049,80.0,BM-Her2N75-17,3500.0,20000.0,4644.180154923187,2007.372860211927,3500.0,4781.8099908354,1486.143380343967
/home/groups/graylab_share/OMERO.rdsStore/engje/Data/20191104_ValidationStudies/Images/tiff/BM-Her2N75-18/Registered-R2_PCNA.Her2.ER.CD45_BM-Her2N75-18-Scene-049_c2_ORG.tif,R2,c2,ORG,BM-Her2N75-18-Scene-049,PCNA,/home/groups/graylab_share/OMERO.rdsStore/engje/Data/20191104_ValidationStudies/Images/tiff/BM-Her2N75-18/Registered-R2_PCNA.Her2.ER.CD45_BM-Her2N75-18-Scene-049_c2_ORG.tif,2.0,BM-Her2N75-18-Scene-049,80.0,BM-Her2N75-18,2400.0,10000.0,3019.4239981355736,1426.4448435320471,2400.0,3147.5903324549918,1047.7653439917567
/home/groups/graylab_share/OMERO.rdsStore/engje/Data/20191104_ValidationStudies/Images/tiff/BM-Her2N75-15/Registered-R2_PCNA.Her2.ER.CD45_BM-Her2N75-15-Scene-059_c2_ORG.tif,R2,c2,ORG,BM-Her2N75-15-Scene-059,PCNA,/home/groups/graylab_share/OMERO.rdsStore/engje/Data/20191104_ValidationStudies/Images/tiff/BM-Her2N75-15/Registered-R2_PCNA.Her2.ER.CD45_BM-Her2N75-15-Scene-059_c2_ORG.tif,2.0,BM-Her2N75-15-Scene-059,80.0,BM-Her2N75-15,3000.0,15000.0,4133.432149556616,1596.439213094995,3000.0,3996.1524783299124,1254.6540343971974
/home/groups/graylab_share/OMERO.rdsStore/engje/Data/20191104_ValidationStudies/Images/tiff/BM-Her2N75-17/Registered-R2_PCNA.Her2.ER.CD45_BM-Her2N75-17-Scene-059_c2_ORG.tif,R2,c2,ORG,BM-Her2N75-17-Scene-059,PCNA,/home/groups/graylab_share/OMERO.rdsStore/engje/Data/20191104_ValidationStudies/Images/tiff/BM-Her2N75-17/Registered-R2_PCNA.Her2.ER.CD45_BM-Her2N75-17-Scene-059_c2_ORG.tif,2.0,BM-Her2N75-17-Scene-059,80.0,BM-Her2N75-17,3500.0,20000.0,4849.316058988151,1951.1696731321053,3500.0,4888.7528711920395,1510.8307972602097
/home/groups/graylab_share/OMERO.rdsStore/engje/Data/20191104_ValidationStudies/Images/tiff/BM-Her2N75-18/Registered-R2_PCNA.Her2.ER.CD45_BM-Her2N75-18-Scene-059_c2_ORG.tif,R2,c2,ORG,BM-Her2N75-18-Scene-059,PCNA,/home/groups/graylab_share/OMERO.rdsStore/engje/Data/20191104_ValidationStudies/Images/tiff/BM-Her2N75-18/Registered-R2_PCNA.Her2.ER.CD45_BM-Her2N75-18-Scene-059_c2_ORG.tif,2.0,BM-Her2N75-18-Scene-059,80.0,BM-Her2N75-18,2400.0,10000.0,3092.363014145429,1323.0403394169105,2400.0,3197.7968186330713,982.9537258777059
/home/groups/graylab_share/OMERO.rdsStore/engje/Data/20191104_ValidationStudies/Images/tiff/BM-Her2N75-15/Registered-R4_Vim.CK7.PD1.LaminAC_BM-Her2N75-15-Scene-017_c4_ORG.tif,R4,c4,ORG,BM-Her2N75-15-Scene-017,PD1,/home/groups/graylab_share/OMERO.rdsStore/engje/Data/20191104_ValidationStudies/Images/tiff/BM-Her2N75-15/Registered-R4_Vim.CK7.PD1.LaminAC_BM-Her2N75-15-Scene-017_c4_ORG.tif,4.0,BM-Her2N75-15-Scene-017,1500.0,BM-Her2N75-15,2200.0,15000.0,2725.0254742790507,1382.4596984915286,2200.0,2835.1893295901054,1330.275758729934
/home/groups/graylab_share/OMERO.rdsStore/engje/Data/20191104_ValidationStudies/Images/tiff/BM-Her2N75-17/Registered-R4_Vim.CK7.PD1.LaminAC_BM-Her2N75-17-Scene-017_c4_ORG.tif,R4,c4,ORG,BM-Her2N75-17-Scene-017,PD1,/home/groups/graylab_share/OMERO.rdsStore/engje/Data/20191104_ValidationStudies/Images/tiff/BM-Her2N75-17/Registered-R4_Vim.CK7.PD1.LaminAC_BM-Her2N75-17-Scene-017_c4_ORG.tif,4.0,BM-Her2N75-17-Scene-017,1500.0,BM-Her2N75-17,2000.0,20000.0,2556.3778008193813,1361.0893113326088,2000.0,2649.8200504636006,1308.6276843538842
/home/groups/graylab_share/OMERO.rdsStore/engje/Data/20191104_ValidationStudies/Images/tiff/BM-Her2N75-18/Registered-R4_Vim.CK7.PD1.LaminAC_BM-Her2N75-18-Scene-017_c4_ORG.tif,R4,c4,ORG,BM-Her2N75-18-Scene-017,PD1,/home/groups/graylab_share/OMERO.rdsStore/engje/Data/20191104_ValidationStudies/Images/tiff/BM-Her2N75-18/Registered-R4_Vim.CK7.PD1.LaminAC_BM-Her2N75-18-Scene-017_c4_ORG.tif,4.0,BM-Her2N75-18-Scene-017,1500.0,BM-Her2N75-18,2000.0,20000.0,2462.720418683351,1323.5724370976366,2000.0,2540.345955031602,1271.9486574664502
/home/groups/graylab_share/OMERO.rdsStore/engje/Data/20191104_ValidationStudies/Images/tiff/BM-Her2N75-15/Registered-R4_Vim.CK7.PD1.LaminAC_BM-Her2N75-15-Scene-049_c4_ORG.tif,R4,c4,ORG,BM-Her2N75-15-Scene-049,PD1,/home/groups/graylab_share/OMERO.rdsStore/engje/Data/20191104_ValidationStudies/Images/tiff/BM-Her2N75-15/Registered-R4_Vim.CK7.PD1.LaminAC_BM-Her2N75-15-Scene-049_c4_ORG.tif,4.0,BM-Her2N75-15-Scene-049,1500.0,BM-Her2N75-15,2200.0,15000.0,2636.110255093306,1334.2134045118385,2200.0,2695.4196771073084,1267.5205527431888
/home/groups/graylab_share/OMERO.rdsStore/engje/Data/20191104_ValidationStudies/Images/tiff/BM-Her2N75-17/Registered-R4_Vim.CK7.PD1.LaminAC_BM-Her2N75-17-Scene-049_c4_ORG.tif,R4,c4,ORG,BM-Her2N75-17-Scene-049,PD1,/home/groups/graylab_share/OMERO.rdsStore/engje/Data/20191104_ValidationStudies/Images/tiff/BM-Her2N75-17/Registered-R4_Vim.CK7.PD1.LaminAC_BM-Her2N75-17-Scene-049_c4_ORG.tif,4.0,BM-Her2N75-17-Scene-049,1500.0,BM-Her2N75-17,2000.0,20000.0,2472.5799346788376,1336.5485453539309,2000.0,2561.8992534204344,1244.6722735025037
/home/groups/graylab_share/OMERO.rdsStore/engje/Data/20191104_ValidationStudies/Images/tiff/BM-Her2N75-18/Registered-R4_Vim.CK7.PD1.LaminAC_BM-Her2N75-18-Scene-049_c4_ORG.tif,R4,c4,ORG,BM-Her2N75-18-Scene-049,PD1,/home/groups/graylab_share/OMERO.rdsStore/engje/Data/20191104_ValidationStudies/Images/tiff/BM-Her2N75-18/Registered-R4_Vim.CK7.PD1.LaminAC_BM-Her2N75-18-Scene-049_c4_ORG.tif,4.0,BM-Her2N75-18-Scene-049,1500.0,BM-Her2N75-18,2000.0,20000.0,2515.9426383470595,1280.4898612997752,2000.0,2653.3831989907453,1232.784907654955
/home/groups/graylab_share/OMERO.rdsStore/engje/Data/20191104_ValidationStudies/Images/tiff/BM-Her2N75-15/Registered-R4_Vim.CK7.PD1.LaminAC_BM-Her2N75-15-Scene-059_c4_ORG.tif,R4,c4,ORG,BM-Her2N75-15-Scene-059,PD1,/home/groups/graylab_share/OMERO.rdsStore/engje/Data/20191104_ValidationStudies/Images/tiff/BM-Her2N75-15/Registered-R4_Vim.CK7.PD1.LaminAC_BM-Her2N75-15-Scene-059_c4_ORG.tif,4.0,BM-Her2N75-15-Scene-059,1500.0,BM-Her2N75-15,2200.0,15000.0,3216.630685203575,1410.7455188842534,2200.0,3203.193390064806,1319.4478914463311
/home/groups/graylab_share/OMERO.rdsStore/engje/Data/20191104_ValidationStudies/Images/tiff/BM-Her2N75-17/Registered-R4_Vim.CK7.PD1.LaminAC_BM-Her2N75-17-Scene-059_c4_ORG.tif,R4,c4,ORG,BM-Her2N75-17-Scene-059,PD1,/home/groups/graylab_share/OMERO.rdsStore/engje/Data/20191104_ValidationStudies/Images/tiff/BM-Her2N75-17/Registered-R4_Vim.CK7.PD1.LaminAC_BM-Her2N75-17-Scene-059_c4_ORG.tif,4.0,BM-Her2N75-17-Scene-059,1500.0,BM-Her2N75-17,2000.0,20000.0,2957.0737281399047,1387.1017983056213,2000.0,3087.9561092879494,1295.2213333882341
/home/groups/graylab_share/OMERO.rdsStore/engje/Data/20191104_ValidationStudies/Images/tiff/BM-Her2N75-18/Registered-R4_Vim.CK7.PD1.LaminAC_BM-Her2N75-18-Scene-059_c4_ORG.tif,R4,c4,ORG,BM-Her2N75-18-Scene-059,PD1,/home/groups/graylab_share/OMERO.rdsStore/engje/Data/20191104_ValidationStudies/Images/tiff/BM-Her2N75-18/Registered-R4_Vim.CK7.PD1.LaminAC_BM-Her2N75-18-Scene-059_c4_ORG.tif,4.0,BM-Her2N75-18-Scene-059,1500.0,BM-Her2N75-18,2000.0,20000.0,3105.292501329552,1331.0044440441575,2000.0,3085.815626215765,1253.8143914915277
/home/groups/graylab_share/OMERO.rdsStore/engje/Data/20191104_ValidationStudies/Images/tiff/BM-Her2N75-15/Registered-R4_Vim.CK7.PD1.LaminAC_BM-Her2N75-15-Scene-017_c2_ORG.tif,R4,c2,ORG,BM-Her2N75-15-Scene-017,Vim,/home/groups/graylab_share/OMERO.rdsStore/engje/Data/20191104_ValidationStudies/Images/tiff/BM-Her2N75-15/Registered-R4_Vim.CK7.PD1.LaminAC_BM-Her2N75-15-Scene-017_c2_ORG.tif,4.0,BM-Her2N75-15-Scene-017,60.0,BM-Her2N75-15,1300.0,15000.0,1587.016718224386,731.4090460658722,1300.0,1840.0599341945544,605.6169633655384
/home/groups/graylab_share/OMERO.rdsStore/engje/Data/20191104_ValidationStudies/Images/tiff/BM-Her2N75-17/Registered-R4_Vim.CK7.PD1.LaminAC_BM-Her2N75-17-Scene-017_c2_ORG.tif,R4,c2,ORG,BM-Her2N75-17-Scene-017,Vim,/home/groups/graylab_share/OMERO.rdsStore/engje/Data/20191104_ValidationStudies/Images/tiff/BM-Her2N75-17/Registered-R4_Vim.CK7.PD1.LaminAC_BM-Her2N75-17-Scene-017_c2_ORG.tif,4.0,BM-Her2N75-17-Scene-017,60.0,BM-Her2N75-17,3000.0,30000.0,3911.905405807893,1445.8556726760467,3000.0,4602.232082487465,1106.7982155438403
/home/groups/graylab_share/OMERO.rdsStore/engje/Data/20191104_ValidationStudies/Images/tiff/BM-Her2N75-18/Registered-R4_Vim.CK7.PD1.LaminAC_BM-Her2N75-18-Scene-017_c2_ORG.tif,R4,c2,ORG,BM-Her2N75-18-Scene-017,Vim,/home/groups/graylab_share/OMERO.rdsStore/engje/Data/20191104_ValidationStudies/Images/tiff/BM-Her2N75-18/Registered-R4_Vim.CK7.PD1.LaminAC_BM-Her2N75-18-Scene-017_c2_ORG.tif,4.0,BM-Her2N75-18-Scene-017,60.0,BM-Her2N75-18,3200.0,40000.0,3924.240130735709,1103.845519431961,3200.0,4768.571706032111,888.1260072576399
/home/groups/graylab_share/OMERO.rdsStore/engje/Data/20191104_ValidationStudies/Images/tiff/BM-Her2N75-15/Registered-R4_Vim.CK7.PD1.LaminAC_BM-Her2N75-15-Scene-049_c2_ORG.tif,R4,c2,ORG,BM-Her2N75-15-Scene-049,Vim,/home/groups/graylab_share/OMERO.rdsStore/engje/Data/20191104_ValidationStudies/Images/tiff/BM-Her2N75-15/Registered-R4_Vim.CK7.PD1.LaminAC_BM-Her2N75-15-Scene-049_c2_ORG.tif,4.0,BM-Her2N75-15-Scene-049,60.0,BM-Her2N75-15,1300.0,15000.0,2994.2397356611823,691.1249753102043,1300.0,2621.120799135771,560.3543052452965
/home/groups/graylab_share/OMERO.rdsStore/engje/Data/20191104_ValidationStudies/Images/tiff/BM-Her2N75-17/Registered-R4_Vim.CK7.PD1.LaminAC_BM-Her2N75-17-Scene-049_c2_ORG.tif,R4,c2,ORG,BM-Her2N75-17-Scene-049,Vim,/home/groups/graylab_share/OMERO.rdsStore/engje/Data/20191104_ValidationStudies/Images/tiff/BM-Her2N75-17/Registered-R4_Vim.CK7.PD1.LaminAC_BM-Her2N75-17-Scene-049_c2_ORG.tif,4.0,BM-Her2N75-17-Scene-049,60.0,BM-Her2N75-17,3000.0,30000.0,7050.6533380187975,1269.513089416675,3000.0,6420.354690455798,1016.0730815869789
/home/groups/graylab_share/OMERO.rdsStore/engje/Data/20191104_ValidationStudies/Images/tiff/BM-Her2N75-18/Registered-R4_Vim.CK7.PD1.LaminAC_BM-Her2N75-18-Scene-049_c2_ORG.tif,R4,c2,ORG,BM-Her2N75-18-Scene-049,Vim,/home/groups/graylab_share/OMERO.rdsStore/engje/Data/20191104_ValidationStudies/Images/tiff/BM-Her2N75-18/Registered-R4_Vim.CK7.PD1.LaminAC_BM-Her2N75-18-Scene-049_c2_ORG.tif,4.0,BM-Her2N75-18-Scene-049,60.0,BM-Her2N75-18,3200.0,40000.0,8040.919148402055,1000.0115620248848,3200.0,7581.723889879885,881.9022827382336
/home/groups/graylab_share/OMERO.rdsStore/engje/Data/20191104_ValidationStudies/Images/tiff/BM-Her2N75-15/Registered-R4_Vim.CK7.PD1.LaminAC_BM-Her2N75-15-Scene-059_c2_ORG.tif,R4,c2,ORG,BM-Her2N75-15-Scene-059,Vim,/home/groups/graylab_share/OMERO.rdsStore/engje/Data/20191104_ValidationStudies/Images/tiff/BM-Her2N75-15/Registered-R4_Vim.CK7.PD1.LaminAC_BM-Her2N75-15-Scene-059_c2_ORG.tif,4.0,BM-Her2N75-15-Scene-059,60.0,BM-Her2N75-15,1300.0,15000.0,2171.2872984965506,631.632372937647,1300.0,1994.4895108864985,575.5295193877562
/home/groups/graylab_share/OMERO.rdsStore/engje/Data/20191104_ValidationStudies/Images/tiff/BM-Her2N75-17/Registered-R4_Vim.CK7.PD1.LaminAC_BM-Her2N75-17-Scene-059_c2_ORG.tif,R4,c2,ORG,BM-Her2N75-17-Scene-059,Vim,/home/groups/graylab_share/OMERO.rdsStore/engje/Data/20191104_ValidationStudies/Images/tiff/BM-Her2N75-17/Registered-R4_Vim.CK7.PD1.LaminAC_BM-Her2N75-17-Scene-059_c2_ORG.tif,4.0,BM-Her2N75-17-Scene-059,60.0,BM-Her2N75-17,3000.0,30000.0,4813.63005737339,1112.4022686859348,3000.0,4648.053729956354,1046.0137570514448
/home/groups/graylab_share/OMERO.rdsStore/engje/Data/20191104_ValidationStudies/Images/tiff/BM-Her2N75-18/Registered-R4_Vim.CK7.PD1.LaminAC_BM-Her2N75-18-Scene-059_c2_ORG.tif,R4,c2,ORG,BM-Her2N75-18-Scene-059,Vim,/home/groups/graylab_share/OMERO.rdsStore/engje/Data/20191104_ValidationStudies/Images/tiff/BM-Her2N75-18/Registered-R4_Vim.CK7.PD1.LaminAC_BM-Her2N75-18-Scene-059_c2_ORG.tif,4.0,BM-Her2N75-18-Scene-059,60.0,BM-Her2N75-18,3200.0,40000.0,5956.573735718393,864.5297607824815,3200.0,5643.354524370486,894.9694237091038
/home/groups/graylab_share/OMERO.rdsStore/engje/Data/20191104_ValidationStudies/Images/tiff/BM-Her2N75-15/Registered-R5_aSMA.CD68.Ki67.E-Cad_BM-Her2N75-15-Scene-017_c2_ORG.tif,R5,c2,ORG,BM-Her2N75-15-Scene-017,aSMA,/home/groups/graylab_share/OMERO.rdsStore/engje/Data/20191104_ValidationStudies/Images/tiff/BM-Her2N75-15/Registered-R5_aSMA.CD68.Ki67.E-Cad_BM-Her2N75-15-Scene-017_c2_ORG.tif,5.0,BM-Her2N75-15-Scene-017,60.0,BM-Her2N75-15,2000.0,45000.0,3378.3515640989312,1301.7010741906922,2000.0,3472.7501920305904,1108.870593501847
/home/groups/graylab_share/OMERO.rdsStore/engje/Data/20191104_ValidationStudies/Images/tiff/BM-Her2N75-17/Registered-R5_aSMA.CD68.Ki67.Ecad_BM-Her2N75-17-Scene-017_c2_ORG.tif,R5,c2,ORG,BM-Her2N75-17-Scene-017,aSMA,/home/groups/graylab_share/OMERO.rdsStore/engje/Data/20191104_ValidationStudies/Images/tiff/BM-Her2N75-17/Registered-R5_aSMA.CD68.Ki67.Ecad_BM-Her2N75-17-Scene-017_c2_ORG.tif,5.0,BM-Her2N75-17-Scene-017,60.0,BM-Her2N75-17,2700.0,65535.0,6323.07582612911,1565.580875499497,2700.0,5991.734155158088,1337.5864616373103
/home/groups/graylab_share/OMERO.rdsStore/engje/Data/20191104_ValidationStudies/Images/tiff/BM-Her2N75-18/Registered-R5_aSMA.CD68.Ki67.E-Cad_BM-Her2N75-18-Scene-017_c2_ORG.tif,R5,c2,ORG,BM-Her2N75-18-Scene-017,aSMA,/home/groups/graylab_share/OMERO.rdsStore/engje/Data/20191104_ValidationStudies/Images/tiff/BM-Her2N75-18/Registered-R5_aSMA.CD68.Ki67.E-Cad_BM-Her2N75-18-Scene-017_c2_ORG.tif,5.0,BM-Her2N75-18-Scene-017,60.0,BM-Her2N75-18,2000.0,40000.0,3498.7956500322084,1185.2405293204667,2000.0,3320.2651775333393,1069.563607814577
/home/groups/graylab_share/OMERO.rdsStore/engje/Data/20191104_ValidationStudies/Images/tiff/BM-Her2N75-15/Registered-R5_aSMA.CD68.Ki67.E-Cad_BM-Her2N75-15-Scene-049_c2_ORG.tif,R5,c2,ORG,BM-Her2N75-15-Scene-049,aSMA,/home/groups/graylab_share/OMERO.rdsStore/engje/Data/20191104_ValidationStudies/Images/tiff/BM-Her2N75-15/Registered-R5_aSMA.CD68.Ki67.E-Cad_BM-Her2N75-15-Scene-049_c2_ORG.tif,5.0,BM-Her2N75-15-Scene-049,60.0,BM-Her2N75-15,2000.0,45000.0,2870.515500985899,950.79095498233,2000.0,3554.1880657941465,851.7445131598079
/home/groups/graylab_share/OMERO.rdsStore/engje/Data/20191104_ValidationStudies/Images/tiff/BM-Her2N75-17/Registered-R5_aSMA.CD68.Ki67.Ecad_BM-Her2N75-17-Scene-049_c2_ORG.tif,R5,c2,ORG,BM-Her2N75-17-Scene-049,aSMA,/home/groups/graylab_share/OMERO.rdsStore/engje/Data/20191104_ValidationStudies/Images/tiff/BM-Her2N75-17/Registered-R5_aSMA.CD68.Ki67.Ecad_BM-Her2N75-17-Scene-049_c2_ORG.tif,5.0,BM-Her2N75-17-Scene-049,60.0,BM-Her2N75-17,2700.0,65535.0,3767.6156506833586,1319.6531953121207,2700.0,5347.258728218474,1043.2737211364124
/home/groups/graylab_share/OMERO.rdsStore/engje/Data/20191104_ValidationStudies/Images/tiff/BM-Her2N75-18/Registered-R5_aSMA.CD68.Ki67.E-Cad_BM-Her2N75-18-Scene-049_c2_ORG.tif,R5,c2,ORG,BM-Her2N75-18-Scene-049,aSMA,/home/groups/graylab_share/OMERO.rdsStore/engje/Data/20191104_ValidationStudies/Images/tiff/BM-Her2N75-18/Registered-R5_aSMA.CD68.Ki67.E-Cad_BM-Her2N75-18-Scene-049_c2_ORG.tif,5.0,BM-Her2N75-18-Scene-049,60.0,BM-Her2N75-18,2000.0,40000.0,2682.472380856117,950.4686980574068,2000.0,3302.0917784514363,915.3997369339721
/home/groups/graylab_share/OMERO.rdsStore/engje/Data/20191104_ValidationStudies/Images/tiff/BM-Her2N75-15/Registered-R5_aSMA.CD68.Ki67.E-Cad_BM-Her2N75-15-Scene-059_c2_ORG.tif,R5,c2,ORG,BM-Her2N75-15-Scene-059,aSMA,/home/groups/graylab_share/OMERO.rdsStore/engje/Data/20191104_ValidationStudies/Images/tiff/BM-Her2N75-15/Registered-R5_aSMA.CD68.Ki67.E-Cad_BM-Her2N75-15-Scene-059_c2_ORG.tif,5.0,BM-Her2N75-15-Scene-059,60.0,BM-Her2N75-15,2000.0,45000.0,4788.103944243448,945.9638568478647,2000.0,4514.382265339817,886.7816514892531
/home/groups/graylab_share/OMERO.rdsStore/engje/Data/20191104_ValidationStudies/Images/tiff/BM-Her2N75-17/Registered-R5_aSMA.CD68.Ki67.Ecad_BM-Her2N75-17-Scene-059_c2_ORG.tif,R5,c2,ORG,BM-Her2N75-17-Scene-059,aSMA,/home/groups/graylab_share/OMERO.rdsStore/engje/Data/20191104_ValidationStudies/Images/tiff/BM-Her2N75-17/Registered-R5_aSMA.CD68.Ki67.Ecad_BM-Her2N75-17-Scene-059_c2_ORG.tif,5.0,BM-Her2N75-17-Scene-059,60.0,BM-Her2N75-17,2700.0,65535.0,6438.234044324211,1099.645168165689,2700.0,6436.141018556846,1015.0542987207933
/home/groups/graylab_share/OMERO.rdsStore/engje/Data/20191104_ValidationStudies/Images/tiff/BM-Her2N75-18/Registered-R5_aSMA.CD68.Ki67.E-Cad_BM-Her2N75-18-Scene-059_c2_ORG.tif,R5,c2,ORG,BM-Her2N75-18-Scene-059,aSMA,/home/groups/graylab_share/OMERO.rdsStore/engje/Data/20191104_ValidationStudies/Images/tiff/BM-Her2N75-18/Registered-R5_aSMA.CD68.Ki67.E-Cad_BM-Her2N75-18-Scene-059_c2_ORG.tif,5.0,BM-Her2N75-18-Scene-059,60.0,BM-Her2N75-18,2000.0,40000.0,4229.366007055386,957.1233946306088,2000.0,3849.6105795441513,1010.3984078936681
/home/groups/graylab_share/OMERO.rdsStore/engje/Data/20191104_ValidationStudies/Images/tiff/BM-Her2N75-15/Registered-R3_pH3.CK14.CD44.CK5_BM-Her2N75-15-Scene-017_c2_ORG.tif,R3,c2,ORG,BM-Her2N75-15-Scene-017,pH3,/home/groups/graylab_share/OMERO.rdsStore/engje/Data/20191104_ValidationStudies/Images/tiff/BM-Her2N75-15/Registered-R3_pH3.CK14.CD44.CK5_BM-Her2N75-15-Scene-017_c2_ORG.tif,3.0,BM-Her2N75-15-Scene-017,80.0,BM-Her2N75-15,2000.0,25000.0,2688.6035929032737,1024.8183685262334,2000.0,2867.439614661654,836.9044653448568
/home/groups/graylab_share/OMERO.rdsStore/engje/Data/20191104_ValidationStudies/Images/tiff/BM-Her2N75-17/Registered-R3_pH3.CK14.CD44.CK5_BM-Her2N75-17-Scene-017_c2_ORG.tif,R3,c2,ORG,BM-Her2N75-17-Scene-017,pH3,/home/groups/graylab_share/OMERO.rdsStore/engje/Data/20191104_ValidationStudies/Images/tiff/BM-Her2N75-17/Registered-R3_pH3.CK14.CD44.CK5_BM-Her2N75-17-Scene-017_c2_ORG.tif,3.0,BM-Her2N75-17-Scene-017,80.0,BM-Her2N75-17,1900.0,25000.0,2789.0586634000274,1018.165011333687,1900.0,3129.7649523170735,796.5976116331134
/home/groups/graylab_share/OMERO.rdsStore/engje/Data/20191104_ValidationStudies/Images/tiff/BM-Her2N75-18/Registered-R3_pH3.CK14.CD44.CK5_BM-Her2N75-18-Scene-017_c2_ORG.tif,R3,c2,ORG,BM-Her2N75-18-Scene-017,pH3,/home/groups/graylab_share/OMERO.rdsStore/engje/Data/20191104_ValidationStudies/Images/tiff/BM-Her2N75-18/Registered-R3_pH3.CK14.CD44.CK5_BM-Her2N75-18-Scene-017_c2_ORG.tif,3.0,BM-Her2N75-18-Scene-017,80.0,BM-Her2N75-18,1700.0,25000.0,2282.522270054304,892.0656974741095,1700.0,2493.5853562676284,687.3556700841507
/home/groups/graylab_share/OMERO.rdsStore/engje/Data/20191104_ValidationStudies/Images/tiff/BM-Her2N75-15/Registered-R3_pH3.CK14.CD44.CK5_BM-Her2N75-15-Scene-049_c2_ORG.tif,R3,c2,ORG,BM-Her2N75-15-Scene-049,pH3,/home/groups/graylab_share/OMERO.rdsStore/engje/Data/20191104_ValidationStudies/Images/tiff/BM-Her2N75-15/Registered-R3_pH3.CK14.CD44.CK5_BM-Her2N75-15-Scene-049_c2_ORG.tif,3.0,BM-Her2N75-15-Scene-049,80.0,BM-Her2N75-15,2000.0,25000.0,3839.6909639790147,1031.3390907854111,2000.0,3102.3293283948524,809.3104401775904
/home/groups/graylab_share/OMERO.rdsStore/engje/Data/20191104_ValidationStudies/Images/tiff/BM-Her2N75-17/Registered-R3_pH3.CK14.CD44.CK5_BM-Her2N75-17-Scene-049_c2_ORG.tif,R3,c2,ORG,BM-Her2N75-17-Scene-049,pH3,/home/groups/graylab_share/OMERO.rdsStore/engje/Data/20191104_ValidationStudies/Images/tiff/BM-Her2N75-17/Registered-R3_pH3.CK14.CD44.CK5_BM-Her2N75-17-Scene-049_c2_ORG.tif,3.0,BM-Her2N75-17-Scene-049,80.0,BM-Her2N75-17,1900.0,25000.0,3295.8088968345783,1030.5487451517881,1900.0,2781.1742724530823,780.8522314816777
/home/groups/graylab_share/OMERO.rdsStore/engje/Data/20191104_ValidationStudies/Images/tiff/BM-Her2N75-18/Registered-R3_pH3.CK14.CD44.CK5_BM-Her2N75-18-Scene-049_c2_ORG.tif,R3,c2,ORG,BM-Her2N75-18-Scene-049,pH3,/home/groups/graylab_share/OMERO.rdsStore/engje/Data/20191104_ValidationStudies/Images/tiff/BM-Her2N75-18/Registered-R3_pH3.CK14.CD44.CK5_BM-Her2N75-18-Scene-049_c2_ORG.tif,3.0,BM-Her2N75-18-Scene-049,80.0,BM-Her2N75-18,1700.0,25000.0,3989.878454620958,863.153478436592,1700.0,2603.810210098393,690.2672021629503
/home/groups/graylab_share/OMERO.rdsStore/engje/Data/20191104_ValidationStudies/Images/tiff/BM-Her2N75-15/Registered-R3_pH3.CK14.CD44.CK5_BM-Her2N75-15-Scene-059_c2_ORG.tif,R3,c2,ORG,BM-Her2N75-15-Scene-059,pH3,/home/groups/graylab_share/OMERO.rdsStore/engje/Data/20191104_ValidationStudies/Images/tiff/BM-Her2N75-15/Registered-R3_pH3.CK14.CD44.CK5_BM-Her2N75-15-Scene-059_c2_ORG.tif,3.0,BM-Her2N75-15-Scene-059,80.0,BM-Her2N75-15,2000.0,25000.0,2465.807681940701,945.9273893114133,2000.0,2665.94504601486,785.4591415092293
/home/groups/graylab_share/OMERO.rdsStore/engje/Data/20191104_ValidationStudies/Images/tiff/BM-Her2N75-17/Registered-R3_pH3.CK14.CD44.CK5_BM-Her2N75-17-Scene-059_c2_ORG.tif,R3,c2,ORG,BM-Her2N75-17-Scene-059,pH3,/home/groups/graylab_share/OMERO.rdsStore/engje/Data/20191104_ValidationStudies/Images/tiff/BM-Her2N75-17/Registered-R3_pH3.CK14.CD44.CK5_BM-Her2N75-17-Scene-059_c2_ORG.tif,3.0,BM-Her2N75-17-Scene-059,80.0,BM-Her2N75-17,1900.0,25000.0,2425.703294787611,899.2636232190663,1900.0,2622.4188414639384,751.1606083072976
/home/groups/graylab_share/OMERO.rdsStore/engje/Data/20191104_ValidationStudies/Images/tiff/BM-Her2N75-18/Registered-R3_pH3.CK14.CD44.CK5_BM-Her2N75-18-Scene-059_c2_ORG.tif,R3,c2,ORG,BM-Her2N75-18-Scene-059,pH3,/home/groups/graylab_share/OMERO.rdsStore/engje/Data/20191104_ValidationStudies/Images/tiff/BM-Her2N75-18/Registered-R3_pH3.CK14.CD44.CK5_BM-Her2N75-18-Scene-059_c2_ORG.tif,3.0,BM-Her2N75-18-Scene-059,80.0,BM-Her2N75-18,1700.0,25000.0,2376.119940696813,674.7250003711783,1700.0,2533.439840530371,618.2454771245848
